"county","high.school","bachelor","unemployment","income","population","pop.white","pop.black","pop.indian","pop.asian","pop.hawai","pop.other","pop.multi","category","sale.dollars","sale.volume"
"Adair",93.4,16.6,2.8,31506,7330,7188,21,1,35,0,8,77,"Vodka",40851,4101
"Adair",93.4,16.6,2.8,31506,7330,7188,21,1,35,0,8,77,"Rum",31541,2376
"Adair",93.4,16.6,2.8,31506,7330,7188,21,1,35,0,8,77,"Brandy",7981,695
"Adair",93.4,16.6,2.8,31506,7330,7188,21,1,35,0,8,77,"Gin",2051,160
"Adair",93.4,16.6,2.8,31506,7330,7188,21,1,35,0,8,77,"Schnapps",9266,908
"Adair",93.4,16.6,2.8,31506,7330,7188,21,1,35,0,8,77,"Whisky",113112,7956
"Adair",93.4,16.6,2.8,31506,7330,7188,21,1,35,0,8,77,"Tequila",11397,760
"Adair",93.4,16.6,2.8,31506,7330,7188,21,1,35,0,8,77,"Amaretto",583,77
"Adair",93.4,16.6,2.8,31506,7330,7188,21,1,35,0,8,77,"Misc",14372,918
"Adair",93.4,16.6,2.8,31506,7330,7188,21,1,35,0,8,77,"Distilled Spirits",1618,110
"Adams",92.5,16.7,3.1,29880,3822,3720,19,4,33,0,3,43,"Gin",2333,212
"Adams",92.5,16.7,3.1,29880,3822,3720,19,4,33,0,3,43,"Rum",14309,985
"Adams",92.5,16.7,3.1,29880,3822,3720,19,4,33,0,3,43,"Distilled Spirits",1044,68
"Adams",92.5,16.7,3.1,29880,3822,3720,19,4,33,0,3,43,"Amaretto",450,60
"Adams",92.5,16.7,3.1,29880,3822,3720,19,4,33,0,3,43,"Whisky",103643,7006
"Adams",92.5,16.7,3.1,29880,3822,3720,19,4,33,0,3,43,"Misc",13064,780
"Adams",92.5,16.7,3.1,29880,3822,3720,19,4,33,0,3,43,"Tequila",9413,712
"Adams",92.5,16.7,3.1,29880,3822,3720,19,4,33,0,3,43,"Vodka",25321,2686
"Adams",92.5,16.7,3.1,29880,3822,3720,19,4,33,0,3,43,"Brandy",2900,249
"Adams",92.5,16.7,3.1,29880,3822,3720,19,4,33,0,3,43,"Schnapps",7172,518
"Allamakee",88.1,17,4.7,28718,14001,13497,118,32,61,2,64,227,"Vodka",158147,15919
"Allamakee",88.1,17,4.7,28718,14001,13497,118,32,61,2,64,227,"Amaretto",2381,239
"Allamakee",88.1,17,4.7,28718,14001,13497,118,32,61,2,64,227,"Misc",69287,4301
"Allamakee",88.1,17,4.7,28718,14001,13497,118,32,61,2,64,227,"Whisky",287559,21650
"Allamakee",88.1,17,4.7,28718,14001,13497,118,32,61,2,64,227,"Schnapps",79787,6237
"Allamakee",88.1,17,4.7,28718,14001,13497,118,32,61,2,64,227,"Distilled Spirits",3430,232
"Allamakee",88.1,17,4.7,28718,14001,13497,118,32,61,2,64,227,"Gin",11174,901
"Allamakee",88.1,17,4.7,28718,14001,13497,118,32,61,2,64,227,"Rum",123946,8436
"Allamakee",88.1,17,4.7,28718,14001,13497,118,32,61,2,64,227,"Tequila",22729,1451
"Allamakee",88.1,17,4.7,28718,14001,13497,118,32,61,2,64,227,"Brandy",40302,3649
"Appanoose",89.9,18.1,6.6,27485,12602,12289,61,6,62,0,2,182,"Tequila",36133,2679
"Appanoose",89.9,18.1,6.6,27485,12602,12289,61,6,62,0,2,182,"Distilled Spirits",3942,186
"Appanoose",89.9,18.1,6.6,27485,12602,12289,61,6,62,0,2,182,"Rum",105160,7627
"Appanoose",89.9,18.1,6.6,27485,12602,12289,61,6,62,0,2,182,"Gin",13018,1124
"Appanoose",89.9,18.1,6.6,27485,12602,12289,61,6,62,0,2,182,"Brandy",11199,880
"Appanoose",89.9,18.1,6.6,27485,12602,12289,61,6,62,0,2,182,"Misc",70681,3909
"Appanoose",89.9,18.1,6.6,27485,12602,12289,61,6,62,0,2,182,"Amaretto",5257,506
"Appanoose",89.9,18.1,6.6,27485,12602,12289,61,6,62,0,2,182,"Whisky",314443,19653
"Appanoose",89.9,18.1,6.6,27485,12602,12289,61,6,62,0,2,182,"Schnapps",45465,3757
"Appanoose",89.9,18.1,6.6,27485,12602,12289,61,6,62,0,2,182,"Vodka",160579,15761
"Audubon",89.6,13.1,2.8,27310,5793,5636,22,38,11,0,0,86,"Distilled Spirits",356,18
"Audubon",89.6,13.1,2.8,27310,5793,5636,22,38,11,0,0,86,"Amaretto",1481,197
"Audubon",89.6,13.1,2.8,27310,5793,5636,22,38,11,0,0,86,"Whisky",71730,5796
"Audubon",89.6,13.1,2.8,27310,5793,5636,22,38,11,0,0,86,"Misc",10066,624
"Audubon",89.6,13.1,2.8,27310,5793,5636,22,38,11,0,0,86,"Brandy",3716,346
"Audubon",89.6,13.1,2.8,27310,5793,5636,22,38,11,0,0,86,"Rum",30595,2232
"Audubon",89.6,13.1,2.8,27310,5793,5636,22,38,11,0,0,86,"Gin",2028,162
"Audubon",89.6,13.1,2.8,27310,5793,5636,22,38,11,0,0,86,"Schnapps",6047,564
"Audubon",89.6,13.1,2.8,27310,5793,5636,22,38,11,0,0,86,"Vodka",31303,3926
"Audubon",89.6,13.1,2.8,27310,5793,5636,22,38,11,0,0,86,"Tequila",3430,237
"Benton",92.8,21.8,3.8,34563,25720,25147,140,10,79,0,47,297,"Schnapps",43782,3419
"Benton",92.8,21.8,3.8,34563,25720,25147,140,10,79,0,47,297,"Distilled Spirits",4114,178
"Benton",92.8,21.8,3.8,34563,25720,25147,140,10,79,0,47,297,"Brandy",24499,2159
"Benton",92.8,21.8,3.8,34563,25720,25147,140,10,79,0,47,297,"Gin",10103,933
"Benton",92.8,21.8,3.8,34563,25720,25147,140,10,79,0,47,297,"Vodka",138430,14600
"Benton",92.8,21.8,3.8,34563,25720,25147,140,10,79,0,47,297,"Rum",103779,7354
"Benton",92.8,21.8,3.8,34563,25720,25147,140,10,79,0,47,297,"Tequila",28704,2080
"Benton",92.8,21.8,3.8,34563,25720,25147,140,10,79,0,47,297,"Amaretto",2658,221
"Benton",92.8,21.8,3.8,34563,25720,25147,140,10,79,0,47,297,"Whisky",288848,21693
"Benton",92.8,21.8,3.8,34563,25720,25147,140,10,79,0,47,297,"Misc",51367,3242
"Black Hawk",90.8,27,6.3,27979,132821,113015,11778,420,2608,299,1874,2827,"Misc",1310459,75360
"Black Hawk",90.8,27,6.3,27979,132821,113015,11778,420,2608,299,1874,2827,"Tequila",1040044,56138
"Black Hawk",90.8,27,6.3,27979,132821,113015,11778,420,2608,299,1874,2827,"Schnapps",754695,51979
"Black Hawk",90.8,27,6.3,27979,132821,113015,11778,420,2608,299,1874,2827,"Gin",579620,44616
"Black Hawk",90.8,27,6.3,27979,132821,113015,11778,420,2608,299,1874,2827,"Brandy",1308312,62581
"Black Hawk",90.8,27,6.3,27979,132821,113015,11778,420,2608,299,1874,2827,"Whisky",4490927,275531
"Black Hawk",90.8,27,6.3,27979,132821,113015,11778,420,2608,299,1874,2827,"Rum",1953607,137217
"Black Hawk",90.8,27,6.3,27979,132821,113015,11778,420,2608,299,1874,2827,"Amaretto",58143,5916
"Black Hawk",90.8,27,6.3,27979,132821,113015,11778,420,2608,299,1874,2827,"Distilled Spirits",124361,13533
"Black Hawk",90.8,27,6.3,27979,132821,113015,11778,420,2608,299,1874,2827,"Vodka",3669281,296296
"Boone",94.4,22.4,4.3,31885,26411,25618,324,60,36,11,44,318,"Rum",193903,13826
"Boone",94.4,22.4,4.3,31885,26411,25618,324,60,36,11,44,318,"Distilled Spirits",8443,524
"Boone",94.4,22.4,4.3,31885,26411,25618,324,60,36,11,44,318,"Tequila",52539,3498
"Boone",94.4,22.4,4.3,31885,26411,25618,324,60,36,11,44,318,"Gin",32274,2692
"Boone",94.4,22.4,4.3,31885,26411,25618,324,60,36,11,44,318,"Schnapps",61374,4607
"Boone",94.4,22.4,4.3,31885,26411,25618,324,60,36,11,44,318,"Amaretto",5443,482
"Boone",94.4,22.4,4.3,31885,26411,25618,324,60,36,11,44,318,"Whisky",586592,40583
"Boone",94.4,22.4,4.3,31885,26411,25618,324,60,36,11,44,318,"Brandy",30032,2335
"Boone",94.4,22.4,4.3,31885,26411,25618,324,60,36,11,44,318,"Misc",110392,6595
"Boone",94.4,22.4,4.3,31885,26411,25618,324,60,36,11,44,318,"Vodka",291581,28754
"Bremer",95.3,27.9,3.2,31932,24663,23758,265,60,216,39,110,215,"Misc",137292,8384
"Bremer",95.3,27.9,3.2,31932,24663,23758,265,60,216,39,110,215,"Rum",317573,23389
"Bremer",95.3,27.9,3.2,31932,24663,23758,265,60,216,39,110,215,"Whisky",665938,47591
"Bremer",95.3,27.9,3.2,31932,24663,23758,265,60,216,39,110,215,"Schnapps",93232,7445
"Bremer",95.3,27.9,3.2,31932,24663,23758,265,60,216,39,110,215,"Tequila",81558,5547
"Bremer",95.3,27.9,3.2,31932,24663,23758,265,60,216,39,110,215,"Brandy",40976,3437
"Bremer",95.3,27.9,3.2,31932,24663,23758,265,60,216,39,110,215,"Vodka",357142,34371
"Bremer",95.3,27.9,3.2,31932,24663,23758,265,60,216,39,110,215,"Amaretto",6463,663
"Bremer",95.3,27.9,3.2,31932,24663,23758,265,60,216,39,110,215,"Distilled Spirits",7044,447
"Bremer",95.3,27.9,3.2,31932,24663,23758,265,60,216,39,110,215,"Gin",37452,2914
"Buchanan",92.3,18,3.8,32409,21031,20519,72,76,104,0,83,177,"Vodka",196392,19334
"Buchanan",92.3,18,3.8,32409,21031,20519,72,76,104,0,83,177,"Gin",15637,1335
"Buchanan",92.3,18,3.8,32409,21031,20519,72,76,104,0,83,177,"Rum",154716,11193
"Buchanan",92.3,18,3.8,32409,21031,20519,72,76,104,0,83,177,"Tequila",71130,5749
"Buchanan",92.3,18,3.8,32409,21031,20519,72,76,104,0,83,177,"Misc",84207,5055
"Buchanan",92.3,18,3.8,32409,21031,20519,72,76,104,0,83,177,"Whisky",392947,27337
"Buchanan",92.3,18,3.8,32409,21031,20519,72,76,104,0,83,177,"Brandy",18459,1594
"Buchanan",92.3,18,3.8,32409,21031,20519,72,76,104,0,83,177,"Schnapps",63574,4549
"Buchanan",92.3,18,3.8,32409,21031,20519,72,76,104,0,83,177,"Distilled Spirits",5107,313
"Buchanan",92.3,18,3.8,32409,21031,20519,72,76,104,0,83,177,"Amaretto",4031,395
"Buena Vista",78.2,18.7,4.5,26127,20445,16319,601,4,1724,224,1260,313,"Amaretto",5830,686
"Buena Vista",78.2,18.7,4.5,26127,20445,16319,601,4,1724,224,1260,313,"Whisky",644457,44758
"Buena Vista",78.2,18.7,4.5,26127,20445,16319,601,4,1724,224,1260,313,"Schnapps",60064,4643
"Buena Vista",78.2,18.7,4.5,26127,20445,16319,601,4,1724,224,1260,313,"Gin",44777,3887
"Buena Vista",78.2,18.7,4.5,26127,20445,16319,601,4,1724,224,1260,313,"Distilled Spirits",5261,243
"Buena Vista",78.2,18.7,4.5,26127,20445,16319,601,4,1724,224,1260,313,"Tequila",121906,6446
"Buena Vista",78.2,18.7,4.5,26127,20445,16319,601,4,1724,224,1260,313,"Misc",130400,7939
"Buena Vista",78.2,18.7,4.5,26127,20445,16319,601,4,1724,224,1260,313,"Rum",245103,18131
"Buena Vista",78.2,18.7,4.5,26127,20445,16319,601,4,1724,224,1260,313,"Brandy",124708,5731
"Buena Vista",78.2,18.7,4.5,26127,20445,16319,601,4,1724,224,1260,313,"Vodka",307204,29151
"Butler",91.9,15.7,3.2,31209,14933,14648,45,43,84,11,11,91,"Brandy",8452,772
"Butler",91.9,15.7,3.2,31209,14933,14648,45,43,84,11,11,91,"Tequila",6110,434
"Butler",91.9,15.7,3.2,31209,14933,14648,45,43,84,11,11,91,"Schnapps",15711,1313
"Butler",91.9,15.7,3.2,31209,14933,14648,45,43,84,11,11,91,"Gin",3005,286
"Butler",91.9,15.7,3.2,31209,14933,14648,45,43,84,11,11,91,"Amaretto",381,60
"Butler",91.9,15.7,3.2,31209,14933,14648,45,43,84,11,11,91,"Misc",13189,752
"Butler",91.9,15.7,3.2,31209,14933,14648,45,43,84,11,11,91,"Rum",44311,3127
"Butler",91.9,15.7,3.2,31209,14933,14648,45,43,84,11,11,91,"Whisky",108734,9017
"Butler",91.9,15.7,3.2,31209,14933,14648,45,43,84,11,11,91,"Distilled Spirits",1343,86
"Butler",91.9,15.7,3.2,31209,14933,14648,45,43,84,11,11,91,"Vodka",59237,6862
"Calhoun",92.2,18.4,2.7,26420,9876,9500,164,31,26,0,13,142,"Misc",21560,1352
"Calhoun",92.2,18.4,2.7,26420,9876,9500,164,31,26,0,13,142,"Brandy",6569,586
"Calhoun",92.2,18.4,2.7,26420,9876,9500,164,31,26,0,13,142,"Vodka",66698,7406
"Calhoun",92.2,18.4,2.7,26420,9876,9500,164,31,26,0,13,142,"Schnapps",13672,1119
"Calhoun",92.2,18.4,2.7,26420,9876,9500,164,31,26,0,13,142,"Rum",63282,4524
"Calhoun",92.2,18.4,2.7,26420,9876,9500,164,31,26,0,13,142,"Gin",5530,537
"Calhoun",92.2,18.4,2.7,26420,9876,9500,164,31,26,0,13,142,"Tequila",12594,704
"Calhoun",92.2,18.4,2.7,26420,9876,9500,164,31,26,0,13,142,"Distilled Spirits",655,50
"Calhoun",92.2,18.4,2.7,26420,9876,9500,164,31,26,0,13,142,"Whisky",141632,11525
"Calhoun",92.2,18.4,2.7,26420,9876,9500,164,31,26,0,13,142,"Amaretto",1837,268
"Carroll",92.9,21.4,2.6,31332,20555,19969,292,14,16,0,70,194,"Schnapps",84580,6250
"Carroll",92.9,21.4,2.6,31332,20555,19969,292,14,16,0,70,194,"Distilled Spirits",28018,3323
"Carroll",92.9,21.4,2.6,31332,20555,19969,292,14,16,0,70,194,"Gin",30384,2434
"Carroll",92.9,21.4,2.6,31332,20555,19969,292,14,16,0,70,194,"Whisky",951051,67419
"Carroll",92.9,21.4,2.6,31332,20555,19969,292,14,16,0,70,194,"Rum",472691,33192
"Carroll",92.9,21.4,2.6,31332,20555,19969,292,14,16,0,70,194,"Vodka",379040,33719
"Carroll",92.9,21.4,2.6,31332,20555,19969,292,14,16,0,70,194,"Misc",163327,9255
"Carroll",92.9,21.4,2.6,31332,20555,19969,292,14,16,0,70,194,"Tequila",78219,4717
"Carroll",92.9,21.4,2.6,31332,20555,19969,292,14,16,0,70,194,"Amaretto",10059,1261
"Carroll",92.9,21.4,2.6,31332,20555,19969,292,14,16,0,70,194,"Brandy",29430,2192
"Cass",90.3,19.8,3.3,27884,13433,13117,35,50,71,23,18,119,"Schnapps",39139,3132
"Cass",90.3,19.8,3.3,27884,13433,13117,35,50,71,23,18,119,"Vodka",201690,20094
"Cass",90.3,19.8,3.3,27884,13433,13117,35,50,71,23,18,119,"Brandy",16734,1384
"Cass",90.3,19.8,3.3,27884,13433,13117,35,50,71,23,18,119,"Rum",145327,10701
"Cass",90.3,19.8,3.3,27884,13433,13117,35,50,71,23,18,119,"Whisky",493445,33527
"Cass",90.3,19.8,3.3,27884,13433,13117,35,50,71,23,18,119,"Misc",107457,5889
"Cass",90.3,19.8,3.3,27884,13433,13117,35,50,71,23,18,119,"Gin",22606,2026
"Cass",90.3,19.8,3.3,27884,13433,13117,35,50,71,23,18,119,"Amaretto",2959,298
"Cass",90.3,19.8,3.3,27884,13433,13117,35,50,71,23,18,119,"Tequila",56317,3838
"Cass",90.3,19.8,3.3,27884,13433,13117,35,50,71,23,18,119,"Distilled Spirits",7075,332
"Cedar",93.4,22,3.3,34919,18389,17852,108,27,149,0,57,196,"Rum",66596,4828
"Cedar",93.4,22,3.3,34919,18389,17852,108,27,149,0,57,196,"Misc",33772,2419
"Cedar",93.4,22,3.3,34919,18389,17852,108,27,149,0,57,196,"Schnapps",26425,2010
"Cedar",93.4,22,3.3,34919,18389,17852,108,27,149,0,57,196,"Whisky",209160,15568
"Cedar",93.4,22,3.3,34919,18389,17852,108,27,149,0,57,196,"Tequila",15392,1011
"Cedar",93.4,22,3.3,34919,18389,17852,108,27,149,0,57,196,"Vodka",103532,10527
"Cedar",93.4,22,3.3,34919,18389,17852,108,27,149,0,57,196,"Amaretto",1739,192
"Cedar",93.4,22,3.3,34919,18389,17852,108,27,149,0,57,196,"Distilled Spirits",2242,142
"Cedar",93.4,22,3.3,34919,18389,17852,108,27,149,0,57,196,"Gin",13519,1400
"Cedar",93.4,22,3.3,34919,18389,17852,108,27,149,0,57,196,"Brandy",9379,792
"Cerro Gordo",93.3,21.9,4.1,28930,43303,41093,682,118,488,0,229,693,"Gin",127047,9328
"Cerro Gordo",93.3,21.9,4.1,28930,43303,41093,682,118,488,0,229,693,"Schnapps",237926,17719
"Cerro Gordo",93.3,21.9,4.1,28930,43303,41093,682,118,488,0,229,693,"Distilled Spirits",22001,1140
"Cerro Gordo",93.3,21.9,4.1,28930,43303,41093,682,118,488,0,229,693,"Tequila",387144,26184
"Cerro Gordo",93.3,21.9,4.1,28930,43303,41093,682,118,488,0,229,693,"Vodka",1373412,129311
"Cerro Gordo",93.3,21.9,4.1,28930,43303,41093,682,118,488,0,229,693,"Rum",759626,55669
"Cerro Gordo",93.3,21.9,4.1,28930,43303,41093,682,118,488,0,229,693,"Brandy",158610,10723
"Cerro Gordo",93.3,21.9,4.1,28930,43303,41093,682,118,488,0,229,693,"Amaretto",23397,2395
"Cerro Gordo",93.3,21.9,4.1,28930,43303,41093,682,118,488,0,229,693,"Whisky",1904800,131745
"Cerro Gordo",93.3,21.9,4.1,28930,43303,41093,682,118,488,0,229,693,"Misc",488281,31649
"Cherokee",90.6,19.2,3.2,30507,11752,11431,83,56,49,0,15,118,"Schnapps",37613,2697
"Cherokee",90.6,19.2,3.2,30507,11752,11431,83,56,49,0,15,118,"Misc",60994,4073
"Cherokee",90.6,19.2,3.2,30507,11752,11431,83,56,49,0,15,118,"Tequila",27513,1540
"Cherokee",90.6,19.2,3.2,30507,11752,11431,83,56,49,0,15,118,"Vodka",119897,12057
"Cherokee",90.6,19.2,3.2,30507,11752,11431,83,56,49,0,15,118,"Whisky",312013,23201
"Cherokee",90.6,19.2,3.2,30507,11752,11431,83,56,49,0,15,118,"Distilled Spirits",7574,800
"Cherokee",90.6,19.2,3.2,30507,11752,11431,83,56,49,0,15,118,"Gin",18085,1522
"Cherokee",90.6,19.2,3.2,30507,11752,11431,83,56,49,0,15,118,"Rum",106449,7368
"Cherokee",90.6,19.2,3.2,30507,11752,11431,83,56,49,0,15,118,"Amaretto",1932,244
"Cherokee",90.6,19.2,3.2,30507,11752,11431,83,56,49,0,15,118,"Brandy",20122,1600
"Chickasaw",90.3,14.5,3.2,31574,12164,11946,90,30,40,0,20,38,"Tequila",10289,580
"Chickasaw",90.3,14.5,3.2,31574,12164,11946,90,30,40,0,20,38,"Whisky",141705,12347
"Chickasaw",90.3,14.5,3.2,31574,12164,11946,90,30,40,0,20,38,"Gin",2857,296
"Chickasaw",90.3,14.5,3.2,31574,12164,11946,90,30,40,0,20,38,"Amaretto",1065,136
"Chickasaw",90.3,14.5,3.2,31574,12164,11946,90,30,40,0,20,38,"Distilled Spirits",1195,69
"Chickasaw",90.3,14.5,3.2,31574,12164,11946,90,30,40,0,20,38,"Brandy",12981,1240
"Chickasaw",90.3,14.5,3.2,31574,12164,11946,90,30,40,0,20,38,"Schnapps",29407,2512
"Chickasaw",90.3,14.5,3.2,31574,12164,11946,90,30,40,0,20,38,"Misc",29044,1704
"Chickasaw",90.3,14.5,3.2,31574,12164,11946,90,30,40,0,20,38,"Rum",66965,4660
"Chickasaw",90.3,14.5,3.2,31574,12164,11946,90,30,40,0,20,38,"Vodka",65453,7753
"Clarke",90.7,15.4,4.6,30181,9273,8757,27,0,78,0,228,183,"Brandy",11978,839
"Clarke",90.7,15.4,4.6,30181,9273,8757,27,0,78,0,228,183,"Amaretto",2515,232
"Clarke",90.7,15.4,4.6,30181,9273,8757,27,0,78,0,228,183,"Distilled Spirits",4041,188
"Clarke",90.7,15.4,4.6,30181,9273,8757,27,0,78,0,228,183,"Vodka",111193,10985
"Clarke",90.7,15.4,4.6,30181,9273,8757,27,0,78,0,228,183,"Misc",44744,2710
"Clarke",90.7,15.4,4.6,30181,9273,8757,27,0,78,0,228,183,"Tequila",35429,2364
"Clarke",90.7,15.4,4.6,30181,9273,8757,27,0,78,0,228,183,"Schnapps",21248,1827
"Clarke",90.7,15.4,4.6,30181,9273,8757,27,0,78,0,228,183,"Whisky",242221,15896
"Clarke",90.7,15.4,4.6,30181,9273,8757,27,0,78,0,228,183,"Gin",11361,1032
"Clarke",90.7,15.4,4.6,30181,9273,8757,27,0,78,0,228,183,"Rum",81336,5767
"Clay",93.2,20.9,3.3,30109,16478,15770,73,8,30,13,209,375,"Gin",36657,2963
"Clay",93.2,20.9,3.3,30109,16478,15770,73,8,30,13,209,375,"Distilled Spirits",16864,1687
"Clay",93.2,20.9,3.3,30109,16478,15770,73,8,30,13,209,375,"Tequila",57827,3823
"Clay",93.2,20.9,3.3,30109,16478,15770,73,8,30,13,209,375,"Vodka",306858,31782
"Clay",93.2,20.9,3.3,30109,16478,15770,73,8,30,13,209,375,"Misc",124741,7817
"Clay",93.2,20.9,3.3,30109,16478,15770,73,8,30,13,209,375,"Amaretto",6765,719
"Clay",93.2,20.9,3.3,30109,16478,15770,73,8,30,13,209,375,"Schnapps",52938,3971
"Clay",93.2,20.9,3.3,30109,16478,15770,73,8,30,13,209,375,"Whisky",603838,45611
"Clay",93.2,20.9,3.3,30109,16478,15770,73,8,30,13,209,375,"Brandy",35834,2909
"Clay",93.2,20.9,3.3,30109,16478,15770,73,8,30,13,209,375,"Rum",214640,16640
"Clayton",91,15.3,4,29261,17735,17377,110,40,80,0,0,128,"Tequila",16162,972
"Clayton",91,15.3,4,29261,17735,17377,110,40,80,0,0,128,"Whisky",235163,16009
"Clayton",91,15.3,4,29261,17735,17377,110,40,80,0,0,128,"Amaretto",2019,273
"Clayton",91,15.3,4,29261,17735,17377,110,40,80,0,0,128,"Misc",40901,2572
"Clayton",91,15.3,4,29261,17735,17377,110,40,80,0,0,128,"Vodka",102703,11165
"Clayton",91,15.3,4,29261,17735,17377,110,40,80,0,0,128,"Brandy",11290,1059
"Clayton",91,15.3,4,29261,17735,17377,110,40,80,0,0,128,"Rum",107217,7236
"Clayton",91,15.3,4,29261,17735,17377,110,40,80,0,0,128,"Schnapps",49716,3857
"Clayton",91,15.3,4,29261,17735,17377,110,40,80,0,0,128,"Distilled Spirits",1568,73
"Clayton",91,15.3,4,29261,17735,17377,110,40,80,0,0,128,"Gin",9843,777
"Clinton",91.6,19.4,4.6,30652,47972,45020,1284,125,313,0,183,1047,"Tequila",232579,14901
"Clinton",91.6,19.4,4.6,30652,47972,45020,1284,125,313,0,183,1047,"Brandy",154560,8056
"Clinton",91.6,19.4,4.6,30652,47972,45020,1284,125,313,0,183,1047,"Gin",73020,6678
"Clinton",91.6,19.4,4.6,30652,47972,45020,1284,125,313,0,183,1047,"Rum",504582,37396
"Clinton",91.6,19.4,4.6,30652,47972,45020,1284,125,313,0,183,1047,"Vodka",755073,70954
"Clinton",91.6,19.4,4.6,30652,47972,45020,1284,125,313,0,183,1047,"Amaretto",18127,2096
"Clinton",91.6,19.4,4.6,30652,47972,45020,1284,125,313,0,183,1047,"Schnapps",262643,18827
"Clinton",91.6,19.4,4.6,30652,47972,45020,1284,125,313,0,183,1047,"Whisky",938334,58739
"Clinton",91.6,19.4,4.6,30652,47972,45020,1284,125,313,0,183,1047,"Distilled Spirits",14747,947
"Clinton",91.6,19.4,4.6,30652,47972,45020,1284,125,313,0,183,1047,"Misc",325744,21467
"Crawford",78.5,11.7,5.7,28789,17147,15849,286,202,50,29,440,291,"Amaretto",5271,548
"Crawford",78.5,11.7,5.7,28789,17147,15849,286,202,50,29,440,291,"Whisky",511187,36844
"Crawford",78.5,11.7,5.7,28789,17147,15849,286,202,50,29,440,291,"Schnapps",70670,5334
"Crawford",78.5,11.7,5.7,28789,17147,15849,286,202,50,29,440,291,"Vodka",193570,18613
"Crawford",78.5,11.7,5.7,28789,17147,15849,286,202,50,29,440,291,"Misc",92697,5367
"Crawford",78.5,11.7,5.7,28789,17147,15849,286,202,50,29,440,291,"Rum",210218,14900
"Crawford",78.5,11.7,5.7,28789,17147,15849,286,202,50,29,440,291,"Tequila",76357,3865
"Crawford",78.5,11.7,5.7,28789,17147,15849,286,202,50,29,440,291,"Brandy",30894,1968
"Crawford",78.5,11.7,5.7,28789,17147,15849,286,202,50,29,440,291,"Gin",18770,1631
"Crawford",78.5,11.7,5.7,28789,17147,15849,286,202,50,29,440,291,"Distilled Spirits",11072,1272
"Dallas",95.5,47.4,2.2,43120,78074,71336,912,38,2984,79,884,1841,"Vodka",582588,49915
"Dallas",95.5,47.4,2.2,43120,78074,71336,912,38,2984,79,884,1841,"Rum",290915,20386
"Dallas",95.5,47.4,2.2,43120,78074,71336,912,38,2984,79,884,1841,"Brandy",34463,2446
"Dallas",95.5,47.4,2.2,43120,78074,71336,912,38,2984,79,884,1841,"Distilled Spirits",13625,603
"Dallas",95.5,47.4,2.2,43120,78074,71336,912,38,2984,79,884,1841,"Whisky",837213,49908
"Dallas",95.5,47.4,2.2,43120,78074,71336,912,38,2984,79,884,1841,"Gin",53943,3787
"Dallas",95.5,47.4,2.2,43120,78074,71336,912,38,2984,79,884,1841,"Schnapps",45283,3445
"Dallas",95.5,47.4,2.2,43120,78074,71336,912,38,2984,79,884,1841,"Tequila",134630,9037
"Dallas",95.5,47.4,2.2,43120,78074,71336,912,38,2984,79,884,1841,"Amaretto",5809,448
"Dallas",95.5,47.4,2.2,43120,78074,71336,912,38,2984,79,884,1841,"Misc",185121,11263
"Davis",86.7,16.6,4.1,28739,8768,8605,16,0,24,0,0,123,"Rum",12770,900
"Davis",86.7,16.6,4.1,28739,8768,8605,16,0,24,0,0,123,"Gin",1335,147
"Davis",86.7,16.6,4.1,28739,8768,8605,16,0,24,0,0,123,"Distilled Spirits",808,38
"Davis",86.7,16.6,4.1,28739,8768,8605,16,0,24,0,0,123,"Tequila",2479,202
"Davis",86.7,16.6,4.1,28739,8768,8605,16,0,24,0,0,123,"Brandy",2610,260
"Davis",86.7,16.6,4.1,28739,8768,8605,16,0,24,0,0,123,"Schnapps",5075,427
"Davis",86.7,16.6,4.1,28739,8768,8605,16,0,24,0,0,123,"Whisky",38159,2533
"Davis",86.7,16.6,4.1,28739,8768,8605,16,0,24,0,0,123,"Misc",5413,439
"Davis",86.7,16.6,4.1,28739,8768,8605,16,0,24,0,0,123,"Amaretto",311,36
"Davis",86.7,16.6,4.1,28739,8768,8605,16,0,24,0,0,123,"Vodka",24550,2947
"Decatur",86.9,20.1,5.8,20577,8210,7815,163,37,43,18,21,113,"Misc",10771,495
"Decatur",86.9,20.1,5.8,20577,8210,7815,163,37,43,18,21,113,"Gin",2416,189
"Decatur",86.9,20.1,5.8,20577,8210,7815,163,37,43,18,21,113,"Whisky",70751,4227
"Decatur",86.9,20.1,5.8,20577,8210,7815,163,37,43,18,21,113,"Rum",21841,1475
"Decatur",86.9,20.1,5.8,20577,8210,7815,163,37,43,18,21,113,"Distilled Spirits",491,21
"Decatur",86.9,20.1,5.8,20577,8210,7815,163,37,43,18,21,113,"Schnapps",11070,833
"Decatur",86.9,20.1,5.8,20577,8210,7815,163,37,43,18,21,113,"Amaretto",708,55
"Decatur",86.9,20.1,5.8,20577,8210,7815,163,37,43,18,21,113,"Brandy",3901,249
"Decatur",86.9,20.1,5.8,20577,8210,7815,163,37,43,18,21,113,"Tequila",5673,317
"Decatur",86.9,20.1,5.8,20577,8210,7815,163,37,43,18,21,113,"Vodka",37757,3785
"Delaware",90.7,15.1,3.4,31331,17445,17154,33,5,63,0,13,177,"Vodka",146740,14422
"Delaware",90.7,15.1,3.4,31331,17445,17154,33,5,63,0,13,177,"Brandy",18534,1300
"Delaware",90.7,15.1,3.4,31331,17445,17154,33,5,63,0,13,177,"Whisky",377958,27042
"Delaware",90.7,15.1,3.4,31331,17445,17154,33,5,63,0,13,177,"Misc",75640,4273
"Delaware",90.7,15.1,3.4,31331,17445,17154,33,5,63,0,13,177,"Schnapps",61342,4508
"Delaware",90.7,15.1,3.4,31331,17445,17154,33,5,63,0,13,177,"Gin",13660,1037
"Delaware",90.7,15.1,3.4,31331,17445,17154,33,5,63,0,13,177,"Tequila",37682,2592
"Delaware",90.7,15.1,3.4,31331,17445,17154,33,5,63,0,13,177,"Rum",148740,9887
"Delaware",90.7,15.1,3.4,31331,17445,17154,33,5,63,0,13,177,"Distilled Spirits",3157,214
"Delaware",90.7,15.1,3.4,31331,17445,17154,33,5,63,0,13,177,"Amaretto",2598,248
"Des Moines",92.2,19.6,5.7,26580,40114,36446,2239,68,179,0,92,1090,"Misc",271480,15114
"Des Moines",92.2,19.6,5.7,26580,40114,36446,2239,68,179,0,92,1090,"Whisky",1089954,64929
"Des Moines",92.2,19.6,5.7,26580,40114,36446,2239,68,179,0,92,1090,"Brandy",262735,11035
"Des Moines",92.2,19.6,5.7,26580,40114,36446,2239,68,179,0,92,1090,"Schnapps",159576,12630
"Des Moines",92.2,19.6,5.7,26580,40114,36446,2239,68,179,0,92,1090,"Distilled Spirits",27809,2128
"Des Moines",92.2,19.6,5.7,26580,40114,36446,2239,68,179,0,92,1090,"Tequila",174684,9720
"Des Moines",92.2,19.6,5.7,26580,40114,36446,2239,68,179,0,92,1090,"Rum",423190,29840
"Des Moines",92.2,19.6,5.7,26580,40114,36446,2239,68,179,0,92,1090,"Vodka",904903,77026
"Des Moines",92.2,19.6,5.7,26580,40114,36446,2239,68,179,0,92,1090,"Gin",85675,6991
"Des Moines",92.2,19.6,5.7,26580,40114,36446,2239,68,179,0,92,1090,"Amaretto",11897,1144
"Dickinson",95.6,29,3.4,31194,17046,16622,62,42,51,16,57,196,"Schnapps",190200,12837
"Dickinson",95.6,29,3.4,31194,17046,16622,62,42,51,16,57,196,"Amaretto",11002,1268
"Dickinson",95.6,29,3.4,31194,17046,16622,62,42,51,16,57,196,"Whisky",1280749,86572
"Dickinson",95.6,29,3.4,31194,17046,16622,62,42,51,16,57,196,"Gin",115542,8356
"Dickinson",95.6,29,3.4,31194,17046,16622,62,42,51,16,57,196,"Brandy",51160,3720
"Dickinson",95.6,29,3.4,31194,17046,16622,62,42,51,16,57,196,"Distilled Spirits",28309,3111
"Dickinson",95.6,29,3.4,31194,17046,16622,62,42,51,16,57,196,"Misc",335294,20304
"Dickinson",95.6,29,3.4,31194,17046,16622,62,42,51,16,57,196,"Tequila",200112,13321
"Dickinson",95.6,29,3.4,31194,17046,16622,62,42,51,16,57,196,"Vodka",879700,78907
"Dickinson",95.6,29,3.4,31194,17046,16622,62,42,51,16,57,196,"Rum",672140,47477
"Dubuque",92.3,29.2,4,30044,96359,89975,2571,48,1230,338,290,1907,"Gin",213859,16388
"Dubuque",92.3,29.2,4,30044,96359,89975,2571,48,1230,338,290,1907,"Tequila",396923,22515
"Dubuque",92.3,29.2,4,30044,96359,89975,2571,48,1230,338,290,1907,"Schnapps",404441,28591
"Dubuque",92.3,29.2,4,30044,96359,89975,2571,48,1230,338,290,1907,"Amaretto",38446,3771
"Dubuque",92.3,29.2,4,30044,96359,89975,2571,48,1230,338,290,1907,"Distilled Spirits",56589,6568
"Dubuque",92.3,29.2,4,30044,96359,89975,2571,48,1230,338,290,1907,"Brandy",405281,19509
"Dubuque",92.3,29.2,4,30044,96359,89975,2571,48,1230,338,290,1907,"Vodka",1976563,169825
"Dubuque",92.3,29.2,4,30044,96359,89975,2571,48,1230,338,290,1907,"Whisky",2665411,169078
"Dubuque",92.3,29.2,4,30044,96359,89975,2571,48,1230,338,290,1907,"Misc",693468,41572
"Dubuque",92.3,29.2,4,30044,96359,89975,2571,48,1230,338,290,1907,"Rum",1244959,86793
"Emmet",89.6,17.5,5.3,26767,9820,9443,141,46,30,11,55,94,"Whisky",230789,17030
"Emmet",89.6,17.5,5.3,26767,9820,9443,141,46,30,11,55,94,"Schnapps",26548,2053
"Emmet",89.6,17.5,5.3,26767,9820,9443,141,46,30,11,55,94,"Brandy",11895,862
"Emmet",89.6,17.5,5.3,26767,9820,9443,141,46,30,11,55,94,"Amaretto",2224,255
"Emmet",89.6,17.5,5.3,26767,9820,9443,141,46,30,11,55,94,"Misc",49332,2989
"Emmet",89.6,17.5,5.3,26767,9820,9443,141,46,30,11,55,94,"Tequila",28145,1495
"Emmet",89.6,17.5,5.3,26767,9820,9443,141,46,30,11,55,94,"Distilled Spirits",3965,178
"Emmet",89.6,17.5,5.3,26767,9820,9443,141,46,30,11,55,94,"Rum",121294,8930
"Emmet",89.6,17.5,5.3,26767,9820,9443,141,46,30,11,55,94,"Vodka",126833,14070
"Emmet",89.6,17.5,5.3,26767,9820,9443,141,46,30,11,55,94,"Gin",8226,816
"Fayette",89.8,19.6,4.3,26288,20391,19497,270,109,154,0,66,295,"Brandy",25727,1950
"Fayette",89.8,19.6,4.3,26288,20391,19497,270,109,154,0,66,295,"Amaretto",4719,595
"Fayette",89.8,19.6,4.3,26288,20391,19497,270,109,154,0,66,295,"Rum",163182,12221
"Fayette",89.8,19.6,4.3,26288,20391,19497,270,109,154,0,66,295,"Whisky",473437,35844
"Fayette",89.8,19.6,4.3,26288,20391,19497,270,109,154,0,66,295,"Vodka",217891,23777
"Fayette",89.8,19.6,4.3,26288,20391,19497,270,109,154,0,66,295,"Tequila",50356,3391
"Fayette",89.8,19.6,4.3,26288,20391,19497,270,109,154,0,66,295,"Schnapps",84803,6972
"Fayette",89.8,19.6,4.3,26288,20391,19497,270,109,154,0,66,295,"Gin",14969,1482
"Fayette",89.8,19.6,4.3,26288,20391,19497,270,109,154,0,66,295,"Misc",80715,5071
"Fayette",89.8,19.6,4.3,26288,20391,19497,270,109,154,0,66,295,"Distilled Spirits",3499,166
"Floyd",89,19.7,3.5,27429,16004,15163,272,66,263,2,43,195,"Schnapps",78121,6109
"Floyd",89,19.7,3.5,27429,16004,15163,272,66,263,2,43,195,"Brandy",58143,3072
"Floyd",89,19.7,3.5,27429,16004,15163,272,66,263,2,43,195,"Misc",96878,5530
"Floyd",89,19.7,3.5,27429,16004,15163,272,66,263,2,43,195,"Whisky",403486,28639
"Floyd",89,19.7,3.5,27429,16004,15163,272,66,263,2,43,195,"Tequila",52311,3243
"Floyd",89,19.7,3.5,27429,16004,15163,272,66,263,2,43,195,"Rum",159656,11126
"Floyd",89,19.7,3.5,27429,16004,15163,272,66,263,2,43,195,"Distilled Spirits",4856,218
"Floyd",89,19.7,3.5,27429,16004,15163,272,66,263,2,43,195,"Gin",18606,1605
"Floyd",89,19.7,3.5,27429,16004,15163,272,66,263,2,43,195,"Vodka",213086,21397
"Floyd",89,19.7,3.5,27429,16004,15163,272,66,263,2,43,195,"Amaretto",5709,687
"Franklin",88.6,16.7,5.4,30289,10393,9591,139,8,24,0,510,121,"Amaretto",1595,206
"Franklin",88.6,16.7,5.4,30289,10393,9591,139,8,24,0,510,121,"Gin",7585,672
"Franklin",88.6,16.7,5.4,30289,10393,9591,139,8,24,0,510,121,"Distilled Spirits",2286,128
"Franklin",88.6,16.7,5.4,30289,10393,9591,139,8,24,0,510,121,"Misc",43158,2453
"Franklin",88.6,16.7,5.4,30289,10393,9591,139,8,24,0,510,121,"Whisky",198406,15103
"Franklin",88.6,16.7,5.4,30289,10393,9591,139,8,24,0,510,121,"Brandy",16182,1397
"Franklin",88.6,16.7,5.4,30289,10393,9591,139,8,24,0,510,121,"Tequila",35667,1747
"Franklin",88.6,16.7,5.4,30289,10393,9591,139,8,24,0,510,121,"Rum",66916,5072
"Franklin",88.6,16.7,5.4,30289,10393,9591,139,8,24,0,510,121,"Schnapps",25253,2069
"Franklin",88.6,16.7,5.4,30289,10393,9591,139,8,24,0,510,121,"Vodka",88030,9470
"Fremont",92.1,21.4,3.9,32643,7019,6765,41,50,0,0,83,80,"Tequila",679,33
"Fremont",92.1,21.4,3.9,32643,7019,6765,41,50,0,0,83,80,"Distilled Spirits",761,36
"Fremont",92.1,21.4,3.9,32643,7019,6765,41,50,0,0,83,80,"Amaretto",24,4
"Fremont",92.1,21.4,3.9,32643,7019,6765,41,50,0,0,83,80,"Misc",1241,51
"Fremont",92.1,21.4,3.9,32643,7019,6765,41,50,0,0,83,80,"Vodka",4383,425
"Fremont",92.1,21.4,3.9,32643,7019,6765,41,50,0,0,83,80,"Brandy",133,8
"Fremont",92.1,21.4,3.9,32643,7019,6765,41,50,0,0,83,80,"Gin",164,10
"Fremont",92.1,21.4,3.9,32643,7019,6765,41,50,0,0,83,80,"Schnapps",652,35
"Fremont",92.1,21.4,3.9,32643,7019,6765,41,50,0,0,83,80,"Rum",5883,317
"Fremont",92.1,21.4,3.9,32643,7019,6765,41,50,0,0,83,80,"Whisky",11133,670
"Greene",92.8,18,5.8,26795,9083,8887,14,16,44,5,0,117,"Tequila",17545,1227
"Greene",92.8,18,5.8,26795,9083,8887,14,16,44,5,0,117,"Whisky",162321,10953
"Greene",92.8,18,5.8,26795,9083,8887,14,16,44,5,0,117,"Brandy",4434,327
"Greene",92.8,18,5.8,26795,9083,8887,14,16,44,5,0,117,"Rum",74556,5420
"Greene",92.8,18,5.8,26795,9083,8887,14,16,44,5,0,117,"Misc",31483,1960
"Greene",92.8,18,5.8,26795,9083,8887,14,16,44,5,0,117,"Vodka",80745,7886
"Greene",92.8,18,5.8,26795,9083,8887,14,16,44,5,0,117,"Gin",8390,647
"Greene",92.8,18,5.8,26795,9083,8887,14,16,44,5,0,117,"Schnapps",16665,1200
"Greene",92.8,18,5.8,26795,9083,8887,14,16,44,5,0,117,"Amaretto",1739,185
"Greene",92.8,18,5.8,26795,9083,8887,14,16,44,5,0,117,"Distilled Spirits",2480,107
"Grundy",95.4,25.1,3.8,36396,12373,12169,42,4,77,0,8,73,"Distilled Spirits",2176,96
"Grundy",95.4,25.1,3.8,36396,12373,12169,42,4,77,0,8,73,"Whisky",120550,9608
"Grundy",95.4,25.1,3.8,36396,12373,12169,42,4,77,0,8,73,"Amaretto",1005,125
"Grundy",95.4,25.1,3.8,36396,12373,12169,42,4,77,0,8,73,"Gin",4100,351
"Grundy",95.4,25.1,3.8,36396,12373,12169,42,4,77,0,8,73,"Tequila",6561,427
"Grundy",95.4,25.1,3.8,36396,12373,12169,42,4,77,0,8,73,"Misc",16119,1030
"Grundy",95.4,25.1,3.8,36396,12373,12169,42,4,77,0,8,73,"Brandy",4924,404
"Grundy",95.4,25.1,3.8,36396,12373,12169,42,4,77,0,8,73,"Vodka",72358,8113
"Grundy",95.4,25.1,3.8,36396,12373,12169,42,4,77,0,8,73,"Schnapps",14953,1025
"Grundy",95.4,25.1,3.8,36396,12373,12169,42,4,77,0,8,73,"Rum",53069,3627
"Guthrie",92.1,20.5,3.3,31155,10691,10418,26,31,7,0,68,141,"Brandy",8664,736
"Guthrie",92.1,20.5,3.3,31155,10691,10418,26,31,7,0,68,141,"Tequila",20739,1501
"Guthrie",92.1,20.5,3.3,31155,10691,10418,26,31,7,0,68,141,"Rum",56550,3986
"Guthrie",92.1,20.5,3.3,31155,10691,10418,26,31,7,0,68,141,"Schnapps",13402,1173
"Guthrie",92.1,20.5,3.3,31155,10691,10418,26,31,7,0,68,141,"Whisky",197077,14063
"Guthrie",92.1,20.5,3.3,31155,10691,10418,26,31,7,0,68,141,"Distilled Spirits",3478,157
"Guthrie",92.1,20.5,3.3,31155,10691,10418,26,31,7,0,68,141,"Amaretto",823,77
"Guthrie",92.1,20.5,3.3,31155,10691,10418,26,31,7,0,68,141,"Gin",9886,901
"Guthrie",92.1,20.5,3.3,31155,10691,10418,26,31,7,0,68,141,"Misc",32032,2010
"Guthrie",92.1,20.5,3.3,31155,10691,10418,26,31,7,0,68,141,"Vodka",107500,10216
"Hamilton",92.2,22,3,32408,15227,14213,97,0,387,0,369,161,"Distilled Spirits",3431,178
"Hamilton",92.2,22,3,32408,15227,14213,97,0,387,0,369,161,"Tequila",40711,2702
"Hamilton",92.2,22,3,32408,15227,14213,97,0,387,0,369,161,"Vodka",176283,19101
"Hamilton",92.2,22,3,32408,15227,14213,97,0,387,0,369,161,"Gin",14333,1313
"Hamilton",92.2,22,3,32408,15227,14213,97,0,387,0,369,161,"Schnapps",33180,2549
"Hamilton",92.2,22,3,32408,15227,14213,97,0,387,0,369,161,"Amaretto",2420,281
"Hamilton",92.2,22,3,32408,15227,14213,97,0,387,0,369,161,"Whisky",325369,24414
"Hamilton",92.2,22,3,32408,15227,14213,97,0,387,0,369,161,"Misc",63166,4315
"Hamilton",92.2,22,3,32408,15227,14213,97,0,387,0,369,161,"Rum",114379,8383
"Hamilton",92.2,22,3,32408,15227,14213,97,0,387,0,369,161,"Brandy",32921,1999
"Hancock",92.7,19.9,1.8,31848,11006,10661,86,19,40,9,34,157,"Amaretto",1144,98
"Hancock",92.7,19.9,1.8,31848,11006,10661,86,19,40,9,34,157,"Schnapps",13356,1247
"Hancock",92.7,19.9,1.8,31848,11006,10661,86,19,40,9,34,157,"Brandy",7079,642
"Hancock",92.7,19.9,1.8,31848,11006,10661,86,19,40,9,34,157,"Gin",3281,312
"Hancock",92.7,19.9,1.8,31848,11006,10661,86,19,40,9,34,157,"Tequila",10737,776
"Hancock",92.7,19.9,1.8,31848,11006,10661,86,19,40,9,34,157,"Whisky",118144,10089
"Hancock",92.7,19.9,1.8,31848,11006,10661,86,19,40,9,34,157,"Distilled Spirits",1086,49
"Hancock",92.7,19.9,1.8,31848,11006,10661,86,19,40,9,34,157,"Misc",15210,1065
"Hancock",92.7,19.9,1.8,31848,11006,10661,86,19,40,9,34,157,"Vodka",62175,7157
"Hancock",92.7,19.9,1.8,31848,11006,10661,86,19,40,9,34,157,"Rum",47115,3334
"Hardin",91.7,20.4,3.4,30218,17324,16615,215,35,118,0,120,221,"Gin",28837,2382
"Hardin",91.7,20.4,3.4,30218,17324,16615,215,35,118,0,120,221,"Tequila",54986,3693
"Hardin",91.7,20.4,3.4,30218,17324,16615,215,35,118,0,120,221,"Schnapps",52218,3899
"Hardin",91.7,20.4,3.4,30218,17324,16615,215,35,118,0,120,221,"Whisky",536201,36671
"Hardin",91.7,20.4,3.4,30218,17324,16615,215,35,118,0,120,221,"Brandy",22558,1657
"Hardin",91.7,20.4,3.4,30218,17324,16615,215,35,118,0,120,221,"Rum",192917,13619
"Hardin",91.7,20.4,3.4,30218,17324,16615,215,35,118,0,120,221,"Misc",97965,5777
"Hardin",91.7,20.4,3.4,30218,17324,16615,215,35,118,0,120,221,"Vodka",265031,27389
"Hardin",91.7,20.4,3.4,30218,17324,16615,215,35,118,0,120,221,"Amaretto",6227,675
"Hardin",91.7,20.4,3.4,30218,17324,16615,215,35,118,0,120,221,"Distilled Spirits",8732,730
"Harrison",91,17.4,2.8,32019,14335,13978,7,66,44,7,35,198,"Rum",80717,6053
"Harrison",91,17.4,2.8,32019,14335,13978,7,66,44,7,35,198,"Misc",38385,2413
"Harrison",91,17.4,2.8,32019,14335,13978,7,66,44,7,35,198,"Vodka",78350,7947
"Harrison",91,17.4,2.8,32019,14335,13978,7,66,44,7,35,198,"Whisky",191314,12804
"Harrison",91,17.4,2.8,32019,14335,13978,7,66,44,7,35,198,"Distilled Spirits",2910,154
"Harrison",91,17.4,2.8,32019,14335,13978,7,66,44,7,35,198,"Brandy",6310,544
"Harrison",91,17.4,2.8,32019,14335,13978,7,66,44,7,35,198,"Gin",5729,547
"Harrison",91,17.4,2.8,32019,14335,13978,7,66,44,7,35,198,"Schnapps",27755,2424
"Harrison",91,17.4,2.8,32019,14335,13978,7,66,44,7,35,198,"Amaretto",1108,124
"Harrison",91,17.4,2.8,32019,14335,13978,7,66,44,7,35,198,"Tequila",22122,1547
"Henry",92,18.8,4.9,29894,19941,18325,419,58,528,11,246,354,"Brandy",39222,2340
"Henry",92,18.8,4.9,29894,19941,18325,419,58,528,11,246,354,"Gin",24161,2116
"Henry",92,18.8,4.9,29894,19941,18325,419,58,528,11,246,354,"Rum",132003,9054
"Henry",92,18.8,4.9,29894,19941,18325,419,58,528,11,246,354,"Misc",99507,5203
"Henry",92,18.8,4.9,29894,19941,18325,419,58,528,11,246,354,"Whisky",391370,24298
"Henry",92,18.8,4.9,29894,19941,18325,419,58,528,11,246,354,"Schnapps",52435,3928
"Henry",92,18.8,4.9,29894,19941,18325,419,58,528,11,246,354,"Tequila",47377,3100
"Henry",92,18.8,4.9,29894,19941,18325,419,58,528,11,246,354,"Vodka",232506,21220
"Henry",92,18.8,4.9,29894,19941,18325,419,58,528,11,246,354,"Distilled Spirits",8180,354
"Henry",92,18.8,4.9,29894,19941,18325,419,58,528,11,246,354,"Amaretto",2498,293
"Howard",88.9,13.2,3.7,29845,9430,9271,31,0,24,0,13,91,"Vodka",141754,15683
"Howard",88.9,13.2,3.7,29845,9430,9271,31,0,24,0,13,91,"Rum",137195,9755
"Howard",88.9,13.2,3.7,29845,9430,9271,31,0,24,0,13,91,"Gin",11934,965
"Howard",88.9,13.2,3.7,29845,9430,9271,31,0,24,0,13,91,"Schnapps",76859,6029
"Howard",88.9,13.2,3.7,29845,9430,9271,31,0,24,0,13,91,"Amaretto",2637,303
"Howard",88.9,13.2,3.7,29845,9430,9271,31,0,24,0,13,91,"Misc",65745,3818
"Howard",88.9,13.2,3.7,29845,9430,9271,31,0,24,0,13,91,"Distilled Spirits",1727,81
"Howard",88.9,13.2,3.7,29845,9430,9271,31,0,24,0,13,91,"Brandy",31322,2852
"Howard",88.9,13.2,3.7,29845,9430,9271,31,0,24,0,13,91,"Whisky",250703,18694
"Howard",88.9,13.2,3.7,29845,9430,9271,31,0,24,0,13,91,"Tequila",27531,1780
"Humboldt",93.1,19.9,3.9,30527,9607,9416,15,19,28,0,4,125,"Misc",53489,3511
"Humboldt",93.1,19.9,3.9,30527,9607,9416,15,19,28,0,4,125,"Distilled Spirits",2725,124
"Humboldt",93.1,19.9,3.9,30527,9607,9416,15,19,28,0,4,125,"Rum",103578,7459
"Humboldt",93.1,19.9,3.9,30527,9607,9416,15,19,28,0,4,125,"Amaretto",3304,374
"Humboldt",93.1,19.9,3.9,30527,9607,9416,15,19,28,0,4,125,"Whisky",260933,19343
"Humboldt",93.1,19.9,3.9,30527,9607,9416,15,19,28,0,4,125,"Vodka",121886,12742
"Humboldt",93.1,19.9,3.9,30527,9607,9416,15,19,28,0,4,125,"Brandy",13430,1197
"Humboldt",93.1,19.9,3.9,30527,9607,9416,15,19,28,0,4,125,"Tequila",29102,2016
"Humboldt",93.1,19.9,3.9,30527,9607,9416,15,19,28,0,4,125,"Gin",7877,720
"Humboldt",93.1,19.9,3.9,30527,9607,9416,15,19,28,0,4,125,"Schnapps",27901,1897
"Ida",93.3,19,3.6,29776,7041,6885,6,56,22,0,21,51,"Tequila",14845,818
"Ida",93.3,19,3.6,29776,7041,6885,6,56,22,0,21,51,"Distilled Spirits",1335,67
"Ida",93.3,19,3.6,29776,7041,6885,6,56,22,0,21,51,"Brandy",8360,720
"Ida",93.3,19,3.6,29776,7041,6885,6,56,22,0,21,51,"Gin",10263,897
"Ida",93.3,19,3.6,29776,7041,6885,6,56,22,0,21,51,"Misc",36320,1900
"Ida",93.3,19,3.6,29776,7041,6885,6,56,22,0,21,51,"Amaretto",1895,248
"Ida",93.3,19,3.6,29776,7041,6885,6,56,22,0,21,51,"Rum",79841,5452
"Ida",93.3,19,3.6,29776,7041,6885,6,56,22,0,21,51,"Schnapps",28467,2122
"Ida",93.3,19,3.6,29776,7041,6885,6,56,22,0,21,51,"Whisky",224072,15710
"Ida",93.3,19,3.6,29776,7041,6885,6,56,22,0,21,51,"Vodka",70136,6992
"Iowa",92.1,18.6,1.8,31660,16326,15972,105,8,26,10,49,156,"Amaretto",2198,274
"Iowa",92.1,18.6,1.8,31660,16326,15972,105,8,26,10,49,156,"Tequila",18281,1386
"Iowa",92.1,18.6,1.8,31660,16326,15972,105,8,26,10,49,156,"Brandy",14560,1324
"Iowa",92.1,18.6,1.8,31660,16326,15972,105,8,26,10,49,156,"Rum",76899,6163
"Iowa",92.1,18.6,1.8,31660,16326,15972,105,8,26,10,49,156,"Schnapps",39788,3513
"Iowa",92.1,18.6,1.8,31660,16326,15972,105,8,26,10,49,156,"Gin",8470,739
"Iowa",92.1,18.6,1.8,31660,16326,15972,105,8,26,10,49,156,"Misc",36873,2658
"Iowa",92.1,18.6,1.8,31660,16326,15972,105,8,26,10,49,156,"Vodka",134843,14850
"Iowa",92.1,18.6,1.8,31660,16326,15972,105,8,26,10,49,156,"Whisky",260797,20105
"Iowa",92.1,18.6,1.8,31660,16326,15972,105,8,26,10,49,156,"Distilled Spirits",2298,123
"Jackson",91.2,16.5,4.8,30949,19529,18947,70,15,78,120,33,266,"Whisky",463208,33861
"Jackson",91.2,16.5,4.8,30949,19529,18947,70,15,78,120,33,266,"Gin",17890,1584
"Jackson",91.2,16.5,4.8,30949,19529,18947,70,15,78,120,33,266,"Misc",95635,6045
"Jackson",91.2,16.5,4.8,30949,19529,18947,70,15,78,120,33,266,"Amaretto",5686,754
"Jackson",91.2,16.5,4.8,30949,19529,18947,70,15,78,120,33,266,"Distilled Spirits",3018,136
"Jackson",91.2,16.5,4.8,30949,19529,18947,70,15,78,120,33,266,"Vodka",208075,21046
"Jackson",91.2,16.5,4.8,30949,19529,18947,70,15,78,120,33,266,"Tequila",37510,2500
"Jackson",91.2,16.5,4.8,30949,19529,18947,70,15,78,120,33,266,"Brandy",22715,1916
"Jackson",91.2,16.5,4.8,30949,19529,18947,70,15,78,120,33,266,"Schnapps",102001,7738
"Jackson",91.2,16.5,4.8,30949,19529,18947,70,15,78,120,33,266,"Rum",188039,12474
"Jasper",92.4,17.9,4.9,30841,36715,35174,550,71,191,41,74,614,"Vodka",390391,39259
"Jasper",92.4,17.9,4.9,30841,36715,35174,550,71,191,41,74,614,"Tequila",97579,6677
"Jasper",92.4,17.9,4.9,30841,36715,35174,550,71,191,41,74,614,"Rum",253878,19340
"Jasper",92.4,17.9,4.9,30841,36715,35174,550,71,191,41,74,614,"Brandy",50335,2949
"Jasper",92.4,17.9,4.9,30841,36715,35174,550,71,191,41,74,614,"Amaretto",8886,1139
"Jasper",92.4,17.9,4.9,30841,36715,35174,550,71,191,41,74,614,"Gin",33405,2898
"Jasper",92.4,17.9,4.9,30841,36715,35174,550,71,191,41,74,614,"Schnapps",59396,4886
"Jasper",92.4,17.9,4.9,30841,36715,35174,550,71,191,41,74,614,"Distilled Spirits",22410,1417
"Jasper",92.4,17.9,4.9,30841,36715,35174,550,71,191,41,74,614,"Misc",149406,8923
"Jasper",92.4,17.9,4.9,30841,36715,35174,550,71,191,41,74,614,"Whisky",663642,44416
"Jefferson",94.9,33.1,6.6,25128,17662,14839,1011,2,825,0,423,562,"Distilled Spirits",5203,234
"Jefferson",94.9,33.1,6.6,25128,17662,14839,1011,2,825,0,423,562,"Tequila",45192,2406
"Jefferson",94.9,33.1,6.6,25128,17662,14839,1011,2,825,0,423,562,"Misc",71499,4118
"Jefferson",94.9,33.1,6.6,25128,17662,14839,1011,2,825,0,423,562,"Vodka",178949,16470
"Jefferson",94.9,33.1,6.6,25128,17662,14839,1011,2,825,0,423,562,"Gin",21218,1556
"Jefferson",94.9,33.1,6.6,25128,17662,14839,1011,2,825,0,423,562,"Schnapps",31685,2481
"Jefferson",94.9,33.1,6.6,25128,17662,14839,1011,2,825,0,423,562,"Brandy",17039,1102
"Jefferson",94.9,33.1,6.6,25128,17662,14839,1011,2,825,0,423,562,"Rum",125181,9091
"Jefferson",94.9,33.1,6.6,25128,17662,14839,1011,2,825,0,423,562,"Amaretto",3710,360
"Jefferson",94.9,33.1,6.6,25128,17662,14839,1011,2,825,0,423,562,"Whisky",307302,17641
"Johnson",94.7,52.4,3.2,28190,142006,118240,8666,199,8737,151,2996,3017,"Rum",1827454,131848
"Johnson",94.7,52.4,3.2,28190,142006,118240,8666,199,8737,151,2996,3017,"Amaretto",52411,3982
"Johnson",94.7,52.4,3.2,28190,142006,118240,8666,199,8737,151,2996,3017,"Distilled Spirits",54407,3886
"Johnson",94.7,52.4,3.2,28190,142006,118240,8666,199,8737,151,2996,3017,"Schnapps",515505,36520
"Johnson",94.7,52.4,3.2,28190,142006,118240,8666,199,8737,151,2996,3017,"Tequila",1164141,67061
"Johnson",94.7,52.4,3.2,28190,142006,118240,8666,199,8737,151,2996,3017,"Misc",1447085,82560
"Johnson",94.7,52.4,3.2,28190,142006,118240,8666,199,8737,151,2996,3017,"Gin",683322,45391
"Johnson",94.7,52.4,3.2,28190,142006,118240,8666,199,8737,151,2996,3017,"Vodka",4432845,347672
"Johnson",94.7,52.4,3.2,28190,142006,118240,8666,199,8737,151,2996,3017,"Brandy",617356,26245
"Johnson",94.7,52.4,3.2,28190,142006,118240,8666,199,8737,151,2996,3017,"Whisky",5456686,274111
"Jones",92.1,16.7,4.5,31388,20481,19578,431,124,104,0,49,195,"Rum",179294,12795
"Jones",92.1,16.7,4.5,31388,20481,19578,431,124,104,0,49,195,"Brandy",22259,1882
"Jones",92.1,16.7,4.5,31388,20481,19578,431,124,104,0,49,195,"Whisky",422302,32952
"Jones",92.1,16.7,4.5,31388,20481,19578,431,124,104,0,49,195,"Misc",97127,6125
"Jones",92.1,16.7,4.5,31388,20481,19578,431,124,104,0,49,195,"Amaretto",3222,401
"Jones",92.1,16.7,4.5,31388,20481,19578,431,124,104,0,49,195,"Tequila",39266,2823
"Jones",92.1,16.7,4.5,31388,20481,19578,431,124,104,0,49,195,"Gin",13987,1212
"Jones",92.1,16.7,4.5,31388,20481,19578,431,124,104,0,49,195,"Vodka",235494,25652
"Jones",92.1,16.7,4.5,31388,20481,19578,431,124,104,0,49,195,"Distilled Spirits",4413,270
"Jones",92.1,16.7,4.5,31388,20481,19578,431,124,104,0,49,195,"Schnapps",67893,5641
"Keokuk",91.3,17,5.5,30379,10234,10026,1,7,51,7,35,107,"Tequila",5027,439
"Keokuk",91.3,17,5.5,30379,10234,10026,1,7,51,7,35,107,"Rum",19888,1603
"Keokuk",91.3,17,5.5,30379,10234,10026,1,7,51,7,35,107,"Amaretto",616,83
"Keokuk",91.3,17,5.5,30379,10234,10026,1,7,51,7,35,107,"Brandy",4132,387
"Keokuk",91.3,17,5.5,30379,10234,10026,1,7,51,7,35,107,"Vodka",25958,3276
"Keokuk",91.3,17,5.5,30379,10234,10026,1,7,51,7,35,107,"Schnapps",13145,1181
"Keokuk",91.3,17,5.5,30379,10234,10026,1,7,51,7,35,107,"Whisky",56126,4381
"Keokuk",91.3,17,5.5,30379,10234,10026,1,7,51,7,35,107,"Misc",10765,644
"Keokuk",91.3,17,5.5,30379,10234,10026,1,7,51,7,35,107,"Gin",2400,240
"Keokuk",91.3,17,5.5,30379,10234,10026,1,7,51,7,35,107,"Distilled Spirits",312,15
"Kossuth",94.3,19.5,1.8,30793,15226,14818,69,27,87,0,79,146,"Amaretto",6632,761
"Kossuth",94.3,19.5,1.8,30793,15226,14818,69,27,87,0,79,146,"Rum",262215,18554
"Kossuth",94.3,19.5,1.8,30793,15226,14818,69,27,87,0,79,146,"Whisky",660384,47978
"Kossuth",94.3,19.5,1.8,30793,15226,14818,69,27,87,0,79,146,"Misc",138565,7885
"Kossuth",94.3,19.5,1.8,30793,15226,14818,69,27,87,0,79,146,"Distilled Spirits",9157,698
"Kossuth",94.3,19.5,1.8,30793,15226,14818,69,27,87,0,79,146,"Gin",22472,1766
"Kossuth",94.3,19.5,1.8,30793,15226,14818,69,27,87,0,79,146,"Brandy",33421,2782
"Kossuth",94.3,19.5,1.8,30793,15226,14818,69,27,87,0,79,146,"Schnapps",86413,6490
"Kossuth",94.3,19.5,1.8,30793,15226,14818,69,27,87,0,79,146,"Vodka",258291,23897
"Kossuth",94.3,19.5,1.8,30793,15226,14818,69,27,87,0,79,146,"Tequila",60968,3940
"Lee",91.8,14.6,7.9,27804,35172,32906,907,48,133,0,185,993,"Whisky",1216591,71385
"Lee",91.8,14.6,7.9,27804,35172,32906,907,48,133,0,185,993,"Brandy",86833,5378
"Lee",91.8,14.6,7.9,27804,35172,32906,907,48,133,0,185,993,"Misc",292287,15142
"Lee",91.8,14.6,7.9,27804,35172,32906,907,48,133,0,185,993,"Distilled Spirits",29232,3111
"Lee",91.8,14.6,7.9,27804,35172,32906,907,48,133,0,185,993,"Tequila",188375,10261
"Lee",91.8,14.6,7.9,27804,35172,32906,907,48,133,0,185,993,"Schnapps",250612,18519
"Lee",91.8,14.6,7.9,27804,35172,32906,907,48,133,0,185,993,"Vodka",685252,64075
"Lee",91.8,14.6,7.9,27804,35172,32906,907,48,133,0,185,993,"Gin",56975,4951
"Lee",91.8,14.6,7.9,27804,35172,32906,907,48,133,0,185,993,"Rum",459113,32823
"Lee",91.8,14.6,7.9,27804,35172,32906,907,48,133,0,185,993,"Amaretto",11300,1178
"Linn",94.6,32.2,4.2,34878,218076,195251,10174,416,4667,60,1637,5871,"Vodka",5817847,503429
"Linn",94.6,32.2,4.2,34878,218076,195251,10174,416,4667,60,1637,5871,"Brandy",1144477,52820
"Linn",94.6,32.2,4.2,34878,218076,195251,10174,416,4667,60,1637,5871,"Schnapps",1145099,81166
"Linn",94.6,32.2,4.2,34878,218076,195251,10174,416,4667,60,1637,5871,"Amaretto",82743,7326
"Linn",94.6,32.2,4.2,34878,218076,195251,10174,416,4667,60,1637,5871,"Rum",2980222,214655
"Linn",94.6,32.2,4.2,34878,218076,195251,10174,416,4667,60,1637,5871,"Whisky",7245814,425202
"Linn",94.6,32.2,4.2,34878,218076,195251,10174,416,4667,60,1637,5871,"Tequila",1519643,87932
"Linn",94.6,32.2,4.2,34878,218076,195251,10174,416,4667,60,1637,5871,"Misc",2266978,148465
"Linn",94.6,32.2,4.2,34878,218076,195251,10174,416,4667,60,1637,5871,"Gin",655811,47472
"Linn",94.6,32.2,4.2,34878,218076,195251,10174,416,4667,60,1637,5871,"Distilled Spirits",353111,42013
"Louisa",82.7,13.3,4.3,30488,11251,10414,142,31,379,13,233,39,"Vodka",34098,3772
"Louisa",82.7,13.3,4.3,30488,11251,10414,142,31,379,13,233,39,"Rum",48179,3171
"Louisa",82.7,13.3,4.3,30488,11251,10414,142,31,379,13,233,39,"Misc",10850,706
"Louisa",82.7,13.3,4.3,30488,11251,10414,142,31,379,13,233,39,"Tequila",12467,711
"Louisa",82.7,13.3,4.3,30488,11251,10414,142,31,379,13,233,39,"Amaretto",451,56
"Louisa",82.7,13.3,4.3,30488,11251,10414,142,31,379,13,233,39,"Schnapps",7584,663
"Louisa",82.7,13.3,4.3,30488,11251,10414,142,31,379,13,233,39,"Brandy",25461,1508
"Louisa",82.7,13.3,4.3,30488,11251,10414,142,31,379,13,233,39,"Whisky",83654,5979
"Louisa",82.7,13.3,4.3,30488,11251,10414,142,31,379,13,233,39,"Gin",2225,237
"Louisa",82.7,13.3,4.3,30488,11251,10414,142,31,379,13,233,39,"Distilled Spirits",1037,51
"Lucas",91.8,16.5,5.1,29072,8700,8498,11,27,0,0,0,164,"Gin",6138,521
"Lucas",91.8,16.5,5.1,29072,8700,8498,11,27,0,0,0,164,"Amaretto",1303,99
"Lucas",91.8,16.5,5.1,29072,8700,8498,11,27,0,0,0,164,"Brandy",7262,583
"Lucas",91.8,16.5,5.1,29072,8700,8498,11,27,0,0,0,164,"Tequila",13575,898
"Lucas",91.8,16.5,5.1,29072,8700,8498,11,27,0,0,0,164,"Misc",36050,2168
"Lucas",91.8,16.5,5.1,29072,8700,8498,11,27,0,0,0,164,"Distilled Spirits",3021,136
"Lucas",91.8,16.5,5.1,29072,8700,8498,11,27,0,0,0,164,"Vodka",75040,6887
"Lucas",91.8,16.5,5.1,29072,8700,8498,11,27,0,0,0,164,"Schnapps",18500,1473
"Lucas",91.8,16.5,5.1,29072,8700,8498,11,27,0,0,0,164,"Rum",48343,3524
"Lucas",91.8,16.5,5.1,29072,8700,8498,11,27,0,0,0,164,"Whisky",160687,10395
"Lyon",90.6,21.3,1.9,32119,11730,11385,6,70,29,8,124,108,"Amaretto",4526,463
"Lyon",90.6,21.3,1.9,32119,11730,11385,6,70,29,8,124,108,"Gin",6308,456
"Lyon",90.6,21.3,1.9,32119,11730,11385,6,70,29,8,124,108,"Rum",149521,9718
"Lyon",90.6,21.3,1.9,32119,11730,11385,6,70,29,8,124,108,"Brandy",18360,1544
"Lyon",90.6,21.3,1.9,32119,11730,11385,6,70,29,8,124,108,"Distilled Spirits",2368,115
"Lyon",90.6,21.3,1.9,32119,11730,11385,6,70,29,8,124,108,"Whisky",284790,20055
"Lyon",90.6,21.3,1.9,32119,11730,11385,6,70,29,8,124,108,"Vodka",97451,9217
"Lyon",90.6,21.3,1.9,32119,11730,11385,6,70,29,8,124,108,"Schnapps",47098,3221
"Lyon",90.6,21.3,1.9,32119,11730,11385,6,70,29,8,124,108,"Tequila",18964,878
"Lyon",90.6,21.3,1.9,32119,11730,11385,6,70,29,8,124,108,"Misc",44056,2592
"Madison",94.4,22.5,4.8,36293,15661,15267,86,5,172,18,29,84,"Misc",55644,3536
"Madison",94.4,22.5,4.8,36293,15661,15267,86,5,172,18,29,84,"Tequila",37164,2838
"Madison",94.4,22.5,4.8,36293,15661,15267,86,5,172,18,29,84,"Gin",12733,1025
"Madison",94.4,22.5,4.8,36293,15661,15267,86,5,172,18,29,84,"Amaretto",1514,158
"Madison",94.4,22.5,4.8,36293,15661,15267,86,5,172,18,29,84,"Whisky",284301,18601
"Madison",94.4,22.5,4.8,36293,15661,15267,86,5,172,18,29,84,"Distilled Spirits",5294,387
"Madison",94.4,22.5,4.8,36293,15661,15267,86,5,172,18,29,84,"Vodka",144499,14312
"Madison",94.4,22.5,4.8,36293,15661,15267,86,5,172,18,29,84,"Brandy",9486,707
"Madison",94.4,22.5,4.8,36293,15661,15267,86,5,172,18,29,84,"Schnapps",19592,1310
"Madison",94.4,22.5,4.8,36293,15661,15267,86,5,172,18,29,84,"Rum",80602,5765
"Mahaska",91.1,23.9,6.3,30435,22324,21361,334,29,238,0,95,267,"Vodka",267717,25629
"Mahaska",91.1,23.9,6.3,30435,22324,21361,334,29,238,0,95,267,"Misc",104862,6317
"Mahaska",91.1,23.9,6.3,30435,22324,21361,334,29,238,0,95,267,"Distilled Spirits",14123,1276
"Mahaska",91.1,23.9,6.3,30435,22324,21361,334,29,238,0,95,267,"Rum",165343,11938
"Mahaska",91.1,23.9,6.3,30435,22324,21361,334,29,238,0,95,267,"Schnapps",60290,4733
"Mahaska",91.1,23.9,6.3,30435,22324,21361,334,29,238,0,95,267,"Tequila",59604,3956
"Mahaska",91.1,23.9,6.3,30435,22324,21361,334,29,238,0,95,267,"Whisky",460294,28193
"Mahaska",91.1,23.9,6.3,30435,22324,21361,334,29,238,0,95,267,"Gin",24086,1991
"Mahaska",91.1,23.9,6.3,30435,22324,21361,334,29,238,0,95,267,"Amaretto",7400,785
"Mahaska",91.1,23.9,6.3,30435,22324,21361,334,29,238,0,95,267,"Brandy",36103,2507
"Marion",92.9,25.4,3.9,30916,33197,31849,210,94,356,0,185,503,"Amaretto",9864,1063
"Marion",92.9,25.4,3.9,30916,33197,31849,210,94,356,0,185,503,"Distilled Spirits",18040,1103
"Marion",92.9,25.4,3.9,30916,33197,31849,210,94,356,0,185,503,"Tequila",109850,7233
"Marion",92.9,25.4,3.9,30916,33197,31849,210,94,356,0,185,503,"Schnapps",80811,5933
"Marion",92.9,25.4,3.9,30916,33197,31849,210,94,356,0,185,503,"Whisky",703511,43319
"Marion",92.9,25.4,3.9,30916,33197,31849,210,94,356,0,185,503,"Gin",40409,3339
"Marion",92.9,25.4,3.9,30916,33197,31849,210,94,356,0,185,503,"Brandy",35541,2502
"Marion",92.9,25.4,3.9,30916,33197,31849,210,94,356,0,185,503,"Misc",171639,10146
"Marion",92.9,25.4,3.9,30916,33197,31849,210,94,356,0,185,503,"Rum",300248,21691
"Marion",92.9,25.4,3.9,30916,33197,31849,210,94,356,0,185,503,"Vodka",399686,36324
"Marshall",84.7,19.5,5.9,30035,40735,34008,511,97,1258,15,3779,1067,"Distilled Spirits",21266,1977
"Marshall",84.7,19.5,5.9,30035,40735,34008,511,97,1258,15,3779,1067,"Misc",256019,15562
"Marshall",84.7,19.5,5.9,30035,40735,34008,511,97,1258,15,3779,1067,"Tequila",194806,9185
"Marshall",84.7,19.5,5.9,30035,40735,34008,511,97,1258,15,3779,1067,"Brandy",138997,6902
"Marshall",84.7,19.5,5.9,30035,40735,34008,511,97,1258,15,3779,1067,"Gin",75245,6072
"Marshall",84.7,19.5,5.9,30035,40735,34008,511,97,1258,15,3779,1067,"Vodka",602284,56237
"Marshall",84.7,19.5,5.9,30035,40735,34008,511,97,1258,15,3779,1067,"Amaretto",9629,994
"Marshall",84.7,19.5,5.9,30035,40735,34008,511,97,1258,15,3779,1067,"Schnapps",110742,8819
"Marshall",84.7,19.5,5.9,30035,40735,34008,511,97,1258,15,3779,1067,"Whisky",1088565,67636
"Marshall",84.7,19.5,5.9,30035,40735,34008,511,97,1258,15,3779,1067,"Rum",353266,25722
"Mills",93.3,23.9,3.9,35694,14841,14460,111,121,22,0,9,118,"Misc",33825,1999
"Mills",93.3,23.9,3.9,35694,14841,14460,111,121,22,0,9,118,"Schnapps",16395,1392
"Mills",93.3,23.9,3.9,35694,14841,14460,111,121,22,0,9,118,"Tequila",17035,1135
"Mills",93.3,23.9,3.9,35694,14841,14460,111,121,22,0,9,118,"Gin",10007,864
"Mills",93.3,23.9,3.9,35694,14841,14460,111,121,22,0,9,118,"Vodka",98196,9867
"Mills",93.3,23.9,3.9,35694,14841,14460,111,121,22,0,9,118,"Rum",65762,4558
"Mills",93.3,23.9,3.9,35694,14841,14460,111,121,22,0,9,118,"Whisky",191537,13004
"Mills",93.3,23.9,3.9,35694,14841,14460,111,121,22,0,9,118,"Amaretto",881,105
"Mills",93.3,23.9,3.9,35694,14841,14460,111,121,22,0,9,118,"Brandy",5652,438
"Mills",93.3,23.9,3.9,35694,14841,14460,111,121,22,0,9,118,"Distilled Spirits",1860,80
"Mitchell",91.2,15.7,3.6,30757,10757,10528,9,26,40,0,6,148,"Whisky",145240,10670
"Mitchell",91.2,15.7,3.6,30757,10757,10528,9,26,40,0,6,148,"Gin",5898,568
"Mitchell",91.2,15.7,3.6,30757,10757,10528,9,26,40,0,6,148,"Vodka",85902,9601
"Mitchell",91.2,15.7,3.6,30757,10757,10528,9,26,40,0,6,148,"Misc",32458,2053
"Mitchell",91.2,15.7,3.6,30757,10757,10528,9,26,40,0,6,148,"Brandy",10493,982
"Mitchell",91.2,15.7,3.6,30757,10757,10528,9,26,40,0,6,148,"Tequila",19926,1224
"Mitchell",91.2,15.7,3.6,30757,10757,10528,9,26,40,0,6,148,"Distilled Spirits",870,41
"Mitchell",91.2,15.7,3.6,30757,10757,10528,9,26,40,0,6,148,"Rum",68278,4871
"Mitchell",91.2,15.7,3.6,30757,10757,10528,9,26,40,0,6,148,"Schnapps",36589,2947
"Mitchell",91.2,15.7,3.6,30757,10757,10528,9,26,40,0,6,148,"Amaretto",2406,345
"Monona",90.5,16.6,4.1,26740,9013,8741,50,110,10,0,12,90,"Vodka",94825,9839
"Monona",90.5,16.6,4.1,26740,9013,8741,50,110,10,0,12,90,"Misc",38923,2548
"Monona",90.5,16.6,4.1,26740,9013,8741,50,110,10,0,12,90,"Tequila",24847,1462
"Monona",90.5,16.6,4.1,26740,9013,8741,50,110,10,0,12,90,"Whisky",206241,13328
"Monona",90.5,16.6,4.1,26740,9013,8741,50,110,10,0,12,90,"Schnapps",36669,2560
"Monona",90.5,16.6,4.1,26740,9013,8741,50,110,10,0,12,90,"Brandy",11059,903
"Monona",90.5,16.6,4.1,26740,9013,8741,50,110,10,0,12,90,"Amaretto",3581,360
"Monona",90.5,16.6,4.1,26740,9013,8741,50,110,10,0,12,90,"Distilled Spirits",3281,157
"Monona",90.5,16.6,4.1,26740,9013,8741,50,110,10,0,12,90,"Rum",90078,6300
"Monona",90.5,16.6,4.1,26740,9013,8741,50,110,10,0,12,90,"Gin",6230,594
"Monroe",88.1,15.4,5.9,31789,7964,7749,6,0,18,0,146,45,"Vodka",54127,5225
"Monroe",88.1,15.4,5.9,31789,7964,7749,6,0,18,0,146,45,"Whisky",131199,8999
"Monroe",88.1,15.4,5.9,31789,7964,7749,6,0,18,0,146,45,"Rum",43068,2887
"Monroe",88.1,15.4,5.9,31789,7964,7749,6,0,18,0,146,45,"Tequila",11245,736
"Monroe",88.1,15.4,5.9,31789,7964,7749,6,0,18,0,146,45,"Amaretto",1542,176
"Monroe",88.1,15.4,5.9,31789,7964,7749,6,0,18,0,146,45,"Misc",27582,1661
"Monroe",88.1,15.4,5.9,31789,7964,7749,6,0,18,0,146,45,"Gin",4323,372
"Monroe",88.1,15.4,5.9,31789,7964,7749,6,0,18,0,146,45,"Schnapps",14613,1092
"Monroe",88.1,15.4,5.9,31789,7964,7749,6,0,18,0,146,45,"Brandy",6230,456
"Monroe",88.1,15.4,5.9,31789,7964,7749,6,0,18,0,146,45,"Distilled Spirits",1882,92
"Montgomery",89.1,15.5,8.4,26750,10380,9913,0,24,0,0,167,276,"Misc",58760,3448
"Montgomery",89.1,15.5,8.4,26750,10380,9913,0,24,0,0,167,276,"Rum",68305,4989
"Montgomery",89.1,15.5,8.4,26750,10380,9913,0,24,0,0,167,276,"Distilled Spirits",5795,293
"Montgomery",89.1,15.5,8.4,26750,10380,9913,0,24,0,0,167,276,"Vodka",111596,11295
"Montgomery",89.1,15.5,8.4,26750,10380,9913,0,24,0,0,167,276,"Whisky",261110,17185
"Montgomery",89.1,15.5,8.4,26750,10380,9913,0,24,0,0,167,276,"Tequila",28010,1693
"Montgomery",89.1,15.5,8.4,26750,10380,9913,0,24,0,0,167,276,"Schnapps",26506,2391
"Montgomery",89.1,15.5,8.4,26750,10380,9913,0,24,0,0,167,276,"Amaretto",1459,144
"Montgomery",89.1,15.5,8.4,26750,10380,9913,0,24,0,0,167,276,"Gin",15922,1366
"Montgomery",89.1,15.5,8.4,26750,10380,9913,0,24,0,0,167,276,"Brandy",12463,1081
"Muscatine",86.9,20.5,4.5,31151,42949,39253,745,66,474,12,1186,1213,"Whisky",982208,59121
"Muscatine",86.9,20.5,4.5,31151,42949,39253,745,66,474,12,1186,1213,"Distilled Spirits",16352,792
"Muscatine",86.9,20.5,4.5,31151,42949,39253,745,66,474,12,1186,1213,"Gin",67137,5514
"Muscatine",86.9,20.5,4.5,31151,42949,39253,745,66,474,12,1186,1213,"Misc",286559,17109
"Muscatine",86.9,20.5,4.5,31151,42949,39253,745,66,474,12,1186,1213,"Schnapps",142243,10822
"Muscatine",86.9,20.5,4.5,31151,42949,39253,745,66,474,12,1186,1213,"Amaretto",11605,1196
"Muscatine",86.9,20.5,4.5,31151,42949,39253,745,66,474,12,1186,1213,"Brandy",73492,4772
"Muscatine",86.9,20.5,4.5,31151,42949,39253,745,66,474,12,1186,1213,"Vodka",647330,61848
"Muscatine",86.9,20.5,4.5,31151,42949,39253,745,66,474,12,1186,1213,"Rum",455558,32482
"Muscatine",86.9,20.5,4.5,31151,42949,39253,745,66,474,12,1186,1213,"Tequila",185165,10835
"O'Brien",92.1,20,2.7,30568,14055,13281,68,36,121,5,381,163,NA,NA,NA
"Obrien",NA,NA,NA,NA,NA,NA,NA,NA,NA,NA,NA,NA,"Gin",24071,2161
"Obrien",NA,NA,NA,NA,NA,NA,NA,NA,NA,NA,NA,NA,"Misc",91902,5819
"Obrien",NA,NA,NA,NA,NA,NA,NA,NA,NA,NA,NA,NA,"Amaretto",4753,537
"Obrien",NA,NA,NA,NA,NA,NA,NA,NA,NA,NA,NA,NA,"Whisky",526532,40902
"Obrien",NA,NA,NA,NA,NA,NA,NA,NA,NA,NA,NA,NA,"Vodka",189974,19476
"Obrien",NA,NA,NA,NA,NA,NA,NA,NA,NA,NA,NA,NA,"Brandy",34776,3010
"Obrien",NA,NA,NA,NA,NA,NA,NA,NA,NA,NA,NA,NA,"Schnapps",73746,6219
"Obrien",NA,NA,NA,NA,NA,NA,NA,NA,NA,NA,NA,NA,"Tequila",44241,2696
"Obrien",NA,NA,NA,NA,NA,NA,NA,NA,NA,NA,NA,NA,"Rum",226453,15761
"Obrien",NA,NA,NA,NA,NA,NA,NA,NA,NA,NA,NA,NA,"Distilled Spirits",6945,510
"Osceola",87.6,16.6,2.7,26997,6154,5871,25,11,25,6,155,61,"Rum",29588,1916
"Osceola",87.6,16.6,2.7,26997,6154,5871,25,11,25,6,155,61,"Whisky",110545,8338
"Osceola",87.6,16.6,2.7,26997,6154,5871,25,11,25,6,155,61,"Tequila",9387,473
"Osceola",87.6,16.6,2.7,26997,6154,5871,25,11,25,6,155,61,"Vodka",34161,3852
"Osceola",87.6,16.6,2.7,26997,6154,5871,25,11,25,6,155,61,"Misc",17315,1022
"Osceola",87.6,16.6,2.7,26997,6154,5871,25,11,25,6,155,61,"Amaretto",828,116
"Osceola",87.6,16.6,2.7,26997,6154,5871,25,11,25,6,155,61,"Brandy",5382,460
"Osceola",87.6,16.6,2.7,26997,6154,5871,25,11,25,6,155,61,"Schnapps",19220,1369
"Osceola",87.6,16.6,2.7,26997,6154,5871,25,11,25,6,155,61,"Gin",6435,661
"Osceola",87.6,16.6,2.7,26997,6154,5871,25,11,25,6,155,61,"Distilled Spirits",462,33
"Page",88.4,21.9,4.3,29172,15552,14668,379,55,180,0,44,226,"Amaretto",4297,433
"Page",88.4,21.9,4.3,29172,15552,14668,379,55,180,0,44,226,"Schnapps",43172,3298
"Page",88.4,21.9,4.3,29172,15552,14668,379,55,180,0,44,226,"Tequila",79100,5499
"Page",88.4,21.9,4.3,29172,15552,14668,379,55,180,0,44,226,"Gin",21630,1909
"Page",88.4,21.9,4.3,29172,15552,14668,379,55,180,0,44,226,"Rum",164652,11592
"Page",88.4,21.9,4.3,29172,15552,14668,379,55,180,0,44,226,"Whisky",505394,30826
"Page",88.4,21.9,4.3,29172,15552,14668,379,55,180,0,44,226,"Distilled Spirits",6413,399
"Page",88.4,21.9,4.3,29172,15552,14668,379,55,180,0,44,226,"Misc",118591,7081
"Page",88.4,21.9,4.3,29172,15552,14668,379,55,180,0,44,226,"Vodka",189230,18018
"Page",88.4,21.9,4.3,29172,15552,14668,379,55,180,0,44,226,"Brandy",12917,1006
"Palo Alto",93.6,22.1,2,29352,9155,8833,166,12,46,0,16,82,"Vodka",117092,12162
"Palo Alto",93.6,22.1,2,29352,9155,8833,166,12,46,0,16,82,"Tequila",22718,1342
"Palo Alto",93.6,22.1,2,29352,9155,8833,166,12,46,0,16,82,"Rum",120740,8641
"Palo Alto",93.6,22.1,2,29352,9155,8833,166,12,46,0,16,82,"Schnapps",37374,2996
"Palo Alto",93.6,22.1,2,29352,9155,8833,166,12,46,0,16,82,"Whisky",346161,27823
"Palo Alto",93.6,22.1,2,29352,9155,8833,166,12,46,0,16,82,"Gin",11088,939
"Palo Alto",93.6,22.1,2,29352,9155,8833,166,12,46,0,16,82,"Distilled Spirits",3919,323
"Palo Alto",93.6,22.1,2,29352,9155,8833,166,12,46,0,16,82,"Brandy",18435,1617
"Palo Alto",93.6,22.1,2,29352,9155,8833,166,12,46,0,16,82,"Amaretto",2996,418
"Palo Alto",93.6,22.1,2,29352,9155,8833,166,12,46,0,16,82,"Misc",54142,3006
"Plymouth",92.1,19.5,3.6,34581,24972,23828,122,46,142,58,505,271,"Whisky",615048,42091
"Plymouth",92.1,19.5,3.6,34581,24972,23828,122,46,142,58,505,271,"Distilled Spirits",5904,304
"Plymouth",92.1,19.5,3.6,34581,24972,23828,122,46,142,58,505,271,"Rum",254808,17370
"Plymouth",92.1,19.5,3.6,34581,24972,23828,122,46,142,58,505,271,"Tequila",79596,5499
"Plymouth",92.1,19.5,3.6,34581,24972,23828,122,46,142,58,505,271,"Misc",133600,7423
"Plymouth",92.1,19.5,3.6,34581,24972,23828,122,46,142,58,505,271,"Vodka",268578,24143
"Plymouth",92.1,19.5,3.6,34581,24972,23828,122,46,142,58,505,271,"Schnapps",90247,6991
"Plymouth",92.1,19.5,3.6,34581,24972,23828,122,46,142,58,505,271,"Amaretto",4931,510
"Plymouth",92.1,19.5,3.6,34581,24972,23828,122,46,142,58,505,271,"Brandy",40659,3505
"Plymouth",92.1,19.5,3.6,34581,24972,23828,122,46,142,58,505,271,"Gin",27107,2090
"Pocahontas",93.2,16.9,4.8,30786,7061,6778,103,6,16,10,49,99,"Whisky",137378,11377
"Pocahontas",93.2,16.9,4.8,30786,7061,6778,103,6,16,10,49,99,"Misc",20774,1245
"Pocahontas",93.2,16.9,4.8,30786,7061,6778,103,6,16,10,49,99,"Vodka",69946,8537
"Pocahontas",93.2,16.9,4.8,30786,7061,6778,103,6,16,10,49,99,"Tequila",8547,522
"Pocahontas",93.2,16.9,4.8,30786,7061,6778,103,6,16,10,49,99,"Brandy",6018,499
"Pocahontas",93.2,16.9,4.8,30786,7061,6778,103,6,16,10,49,99,"Rum",60112,4487
"Pocahontas",93.2,16.9,4.8,30786,7061,6778,103,6,16,10,49,99,"Distilled Spirits",1217,57
"Pocahontas",93.2,16.9,4.8,30786,7061,6778,103,6,16,10,49,99,"Gin",7326,813
"Pocahontas",93.2,16.9,4.8,30786,7061,6778,103,6,16,10,49,99,"Schnapps",16076,1342
"Pocahontas",93.2,16.9,4.8,30786,7061,6778,103,6,16,10,49,99,"Amaretto",1703,239
"Polk",91.7,35.6,5.2,35121,459159,390415,29390,1277,18813,366,6735,12163,"Gin",1997056,137088
"Polk",91.7,35.6,5.2,35121,459159,390415,29390,1277,18813,366,6735,12163,"Distilled Spirits",265531,20152
"Polk",91.7,35.6,5.2,35121,459159,390415,29390,1277,18813,366,6735,12163,"Schnapps",1859058,132832
"Polk",91.7,35.6,5.2,35121,459159,390415,29390,1277,18813,366,6735,12163,"Vodka",16434338,1288859
"Polk",91.7,35.6,5.2,35121,459159,390415,29390,1277,18813,366,6735,12163,"Brandy",2661985,114798
"Polk",91.7,35.6,5.2,35121,459159,390415,29390,1277,18813,366,6735,12163,"Amaretto",211535,17655
"Polk",91.7,35.6,5.2,35121,459159,390415,29390,1277,18813,366,6735,12163,"Tequila",4764464,276985
"Polk",91.7,35.6,5.2,35121,459159,390415,29390,1277,18813,366,6735,12163,"Whisky",20496221,1084197
"Polk",91.7,35.6,5.2,35121,459159,390415,29390,1277,18813,366,6735,12163,"Misc",5464019,302997
"Polk",91.7,35.6,5.2,35121,459159,390415,29390,1277,18813,366,6735,12163,"Rum",6905429,487875
"Pottawattamie",90,20.7,4.9,31657,93198,87907,1352,304,636,5,1240,1754,"Rum",1333010,94084
"Pottawattamie",90,20.7,4.9,31657,93198,87907,1352,304,636,5,1240,1754,"Vodka",1952363,174938
"Pottawattamie",90,20.7,4.9,31657,93198,87907,1352,304,636,5,1240,1754,"Gin",209504,15392
"Pottawattamie",90,20.7,4.9,31657,93198,87907,1352,304,636,5,1240,1754,"Distilled Spirits",65922,6113
"Pottawattamie",90,20.7,4.9,31657,93198,87907,1352,304,636,5,1240,1754,"Tequila",680931,36452
"Pottawattamie",90,20.7,4.9,31657,93198,87907,1352,304,636,5,1240,1754,"Brandy",211829,12081
"Pottawattamie",90,20.7,4.9,31657,93198,87907,1352,304,636,5,1240,1754,"Misc",1008737,57186
"Pottawattamie",90,20.7,4.9,31657,93198,87907,1352,304,636,5,1240,1754,"Whisky",3366132,191260
"Pottawattamie",90,20.7,4.9,31657,93198,87907,1352,304,636,5,1240,1754,"Schnapps",489324,32581
"Pottawattamie",90,20.7,4.9,31657,93198,87907,1352,304,636,5,1240,1754,"Amaretto",48313,4665
"Poweshiek",93.4,22.9,4.3,24258,18622,17632,333,17,373,5,35,227,"Rum",182193,12971
"Poweshiek",93.4,22.9,4.3,24258,18622,17632,333,17,373,5,35,227,"Distilled Spirits",5441,279
"Poweshiek",93.4,22.9,4.3,24258,18622,17632,333,17,373,5,35,227,"Misc",106197,5916
"Poweshiek",93.4,22.9,4.3,24258,18622,17632,333,17,373,5,35,227,"Amaretto",5463,551
"Poweshiek",93.4,22.9,4.3,24258,18622,17632,333,17,373,5,35,227,"Schnapps",63570,4699
"Poweshiek",93.4,22.9,4.3,24258,18622,17632,333,17,373,5,35,227,"Vodka",269660,25468
"Poweshiek",93.4,22.9,4.3,24258,18622,17632,333,17,373,5,35,227,"Gin",34843,2742
"Poweshiek",93.4,22.9,4.3,24258,18622,17632,333,17,373,5,35,227,"Brandy",32554,2520
"Poweshiek",93.4,22.9,4.3,24258,18622,17632,333,17,373,5,35,227,"Whisky",547662,34216
"Poweshiek",93.4,22.9,4.3,24258,18622,17632,333,17,373,5,35,227,"Tequila",64016,4019
"Ringgold",90.8,19.3,5.3,27585,5054,4911,11,20,21,0,57,34,"Vodka",24291,2493
"Ringgold",90.8,19.3,5.3,27585,5054,4911,11,20,21,0,57,34,"Brandy",2324,220
"Ringgold",90.8,19.3,5.3,27585,5054,4911,11,20,21,0,57,34,"Misc",15809,1116
"Ringgold",90.8,19.3,5.3,27585,5054,4911,11,20,21,0,57,34,"Amaretto",1355,152
"Ringgold",90.8,19.3,5.3,27585,5054,4911,11,20,21,0,57,34,"Gin",2131,203
"Ringgold",90.8,19.3,5.3,27585,5054,4911,11,20,21,0,57,34,"Tequila",5716,418
"Ringgold",90.8,19.3,5.3,27585,5054,4911,11,20,21,0,57,34,"Schnapps",9758,822
"Ringgold",90.8,19.3,5.3,27585,5054,4911,11,20,21,0,57,34,"Rum",12194,920
"Ringgold",90.8,19.3,5.3,27585,5054,4911,11,20,21,0,57,34,"Whisky",64896,4424
"Ringgold",90.8,19.3,5.3,27585,5054,4911,11,20,21,0,57,34,"Distilled Spirits",798,42
"Sac",91.7,19.3,3.9,30292,10034,9800,60,0,0,4,52,118,"Tequila",23763,1370
"Sac",91.7,19.3,3.9,30292,10034,9800,60,0,0,4,52,118,"Whisky",233914,18749
"Sac",91.7,19.3,3.9,30292,10034,9800,60,0,0,4,52,118,"Rum",95358,6530
"Sac",91.7,19.3,3.9,30292,10034,9800,60,0,0,4,52,118,"Misc",32237,1997
"Sac",91.7,19.3,3.9,30292,10034,9800,60,0,0,4,52,118,"Gin",8402,686
"Sac",91.7,19.3,3.9,30292,10034,9800,60,0,0,4,52,118,"Distilled Spirits",3109,307
"Sac",91.7,19.3,3.9,30292,10034,9800,60,0,0,4,52,118,"Schnapps",24668,2021
"Sac",91.7,19.3,3.9,30292,10034,9800,60,0,0,4,52,118,"Amaretto",3312,468
"Sac",91.7,19.3,3.9,30292,10034,9800,60,0,0,4,52,118,"Vodka",93974,9762
"Sac",91.7,19.3,3.9,30292,10034,9800,60,0,0,4,52,118,"Brandy",9753,865
"Scott",93,31.9,4.9,32582,171116,146989,13254,503,4126,17,1858,4369,"Gin",673412,48838
"Scott",93,31.9,4.9,32582,171116,146989,13254,503,4126,17,1858,4369,"Whisky",5934418,322709
"Scott",93,31.9,4.9,32582,171116,146989,13254,503,4126,17,1858,4369,"Distilled Spirits",86921,6882
"Scott",93,31.9,4.9,32582,171116,146989,13254,503,4126,17,1858,4369,"Schnapps",913441,63073
"Scott",93,31.9,4.9,32582,171116,146989,13254,503,4126,17,1858,4369,"Misc",1787323,100069
"Scott",93,31.9,4.9,32582,171116,146989,13254,503,4126,17,1858,4369,"Brandy",1030088,46655
"Scott",93,31.9,4.9,32582,171116,146989,13254,503,4126,17,1858,4369,"Tequila",1549269,85234
"Scott",93,31.9,4.9,32582,171116,146989,13254,503,4126,17,1858,4369,"Rum",2260380,162336
"Scott",93,31.9,4.9,32582,171116,146989,13254,503,4126,17,1858,4369,"Amaretto",80034,7766
"Scott",93,31.9,4.9,32582,171116,146989,13254,503,4126,17,1858,4369,"Vodka",4988165,409536
"Shelby",91.3,21.1,3.3,28962,11944,11484,49,16,37,0,211,147,"Gin",10047,656
"Shelby",91.3,21.1,3.3,28962,11944,11484,49,16,37,0,211,147,"Schnapps",36161,2632
"Shelby",91.3,21.1,3.3,28962,11944,11484,49,16,37,0,211,147,"Whisky",317777,21005
"Shelby",91.3,21.1,3.3,28962,11944,11484,49,16,37,0,211,147,"Rum",133176,9941
"Shelby",91.3,21.1,3.3,28962,11944,11484,49,16,37,0,211,147,"Brandy",11257,874
"Shelby",91.3,21.1,3.3,28962,11944,11484,49,16,37,0,211,147,"Tequila",39204,2576
"Shelby",91.3,21.1,3.3,28962,11944,11484,49,16,37,0,211,147,"Vodka",130789,12612
"Shelby",91.3,21.1,3.3,28962,11944,11484,49,16,37,0,211,147,"Misc",58511,3392
"Shelby",91.3,21.1,3.3,28962,11944,11484,49,16,37,0,211,147,"Amaretto",2298,274
"Shelby",91.3,21.1,3.3,28962,11944,11484,49,16,37,0,211,147,"Distilled Spirits",2589,121
"Sioux",89.9,26.9,1.8,28100,34621,32150,146,81,246,4,1609,385,"Amaretto",8377,757
"Sioux",89.9,26.9,1.8,28100,34621,32150,146,81,246,4,1609,385,"Schnapps",75755,5529
"Sioux",89.9,26.9,1.8,28100,34621,32150,146,81,246,4,1609,385,"Vodka",258135,24058
"Sioux",89.9,26.9,1.8,28100,34621,32150,146,81,246,4,1609,385,"Gin",17898,1412
"Sioux",89.9,26.9,1.8,28100,34621,32150,146,81,246,4,1609,385,"Distilled Spirits",3775,170
"Sioux",89.9,26.9,1.8,28100,34621,32150,146,81,246,4,1609,385,"Rum",288394,19851
"Sioux",89.9,26.9,1.8,28100,34621,32150,146,81,246,4,1609,385,"Misc",107037,6306
"Sioux",89.9,26.9,1.8,28100,34621,32150,146,81,246,4,1609,385,"Whisky",567099,40635
"Sioux",89.9,26.9,1.8,28100,34621,32150,146,81,246,4,1609,385,"Brandy",26244,2082
"Sioux",89.9,26.9,1.8,28100,34621,32150,146,81,246,4,1609,385,"Tequila",65670,3625
"Story",96.3,50.3,5.2,18959,94834,83040,2136,211,6523,29,320,2575,"Vodka",1957133,170121
"Story",96.3,50.3,5.2,18959,94834,83040,2136,211,6523,29,320,2575,"Misc",701637,41109
"Story",96.3,50.3,5.2,18959,94834,83040,2136,211,6523,29,320,2575,"Whisky",2954904,173036
"Story",96.3,50.3,5.2,18959,94834,83040,2136,211,6523,29,320,2575,"Amaretto",34069,3339
"Story",96.3,50.3,5.2,18959,94834,83040,2136,211,6523,29,320,2575,"Gin",264935,19869
"Story",96.3,50.3,5.2,18959,94834,83040,2136,211,6523,29,320,2575,"Rum",1232907,93260
"Story",96.3,50.3,5.2,18959,94834,83040,2136,211,6523,29,320,2575,"Tequila",423175,26727
"Story",96.3,50.3,5.2,18959,94834,83040,2136,211,6523,29,320,2575,"Brandy",204617,10873
"Story",96.3,50.3,5.2,18959,94834,83040,2136,211,6523,29,320,2575,"Distilled Spirits",72822,7539
"Story",96.3,50.3,5.2,18959,94834,83040,2136,211,6523,29,320,2575,"Schnapps",258827,18716
"Tama",90.6,16.3,5.7,31113,17423,15442,88,1290,60,9,214,320,"Vodka",131247,14014
"Tama",90.6,16.3,5.7,31113,17423,15442,88,1290,60,9,214,320,"Misc",51452,3110
"Tama",90.6,16.3,5.7,31113,17423,15442,88,1290,60,9,214,320,"Amaretto",1628,196
"Tama",90.6,16.3,5.7,31113,17423,15442,88,1290,60,9,214,320,"Tequila",32249,2131
"Tama",90.6,16.3,5.7,31113,17423,15442,88,1290,60,9,214,320,"Whisky",243632,16779
"Tama",90.6,16.3,5.7,31113,17423,15442,88,1290,60,9,214,320,"Schnapps",37488,3474
"Tama",90.6,16.3,5.7,31113,17423,15442,88,1290,60,9,214,320,"Distilled Spirits",2046,114
"Tama",90.6,16.3,5.7,31113,17423,15442,88,1290,60,9,214,320,"Gin",10040,913
"Tama",90.6,16.3,5.7,31113,17423,15442,88,1290,60,9,214,320,"Brandy",26378,2148
"Tama",90.6,16.3,5.7,31113,17423,15442,88,1290,60,9,214,320,"Rum",86530,6228
"Taylor",90.9,13.6,3.3,30590,6209,5960,12,16,44,0,131,46,"Misc",7434,510
"Taylor",90.9,13.6,3.3,30590,6209,5960,12,16,44,0,131,46,"Schnapps",4789,416
"Taylor",90.9,13.6,3.3,30590,6209,5960,12,16,44,0,131,46,"Rum",12792,838
"Taylor",90.9,13.6,3.3,30590,6209,5960,12,16,44,0,131,46,"Vodka",19477,2311
"Taylor",90.9,13.6,3.3,30590,6209,5960,12,16,44,0,131,46,"Distilled Spirits",275,13
"Taylor",90.9,13.6,3.3,30590,6209,5960,12,16,44,0,131,46,"Brandy",1594,139
"Taylor",90.9,13.6,3.3,30590,6209,5960,12,16,44,0,131,46,"Tequila",5730,319
"Taylor",90.9,13.6,3.3,30590,6209,5960,12,16,44,0,131,46,"Gin",1060,106
"Taylor",90.9,13.6,3.3,30590,6209,5960,12,16,44,0,131,46,"Amaretto",1021,70
"Taylor",90.9,13.6,3.3,30590,6209,5960,12,16,44,0,131,46,"Whisky",50673,3431
"Union",91.9,16.4,4.1,27422,12539,12208,124,35,81,7,0,84,"Rum",119065,8590
"Union",91.9,16.4,4.1,27422,12539,12208,124,35,81,7,0,84,"Misc",83783,4797
"Union",91.9,16.4,4.1,27422,12539,12208,124,35,81,7,0,84,"Amaretto",7771,826
"Union",91.9,16.4,4.1,27422,12539,12208,124,35,81,7,0,84,"Whisky",418168,27005
"Union",91.9,16.4,4.1,27422,12539,12208,124,35,81,7,0,84,"Gin",20810,1899
"Union",91.9,16.4,4.1,27422,12539,12208,124,35,81,7,0,84,"Brandy",16961,1459
"Union",91.9,16.4,4.1,27422,12539,12208,124,35,81,7,0,84,"Distilled Spirits",5221,241
"Union",91.9,16.4,4.1,27422,12539,12208,124,35,81,7,0,84,"Tequila",40951,2823
"Union",91.9,16.4,4.1,27422,12539,12208,124,35,81,7,0,84,"Vodka",165844,17279
"Union",91.9,16.4,4.1,27422,12539,12208,124,35,81,7,0,84,"Schnapps",40514,3355
"Van Buren",88.3,12.7,3.7,29712,7380,7229,43,7,3,0,6,92,"Whisky",83594,5163
"Van Buren",88.3,12.7,3.7,29712,7380,7229,43,7,3,0,6,92,"Vodka",35484,3426
"Van Buren",88.3,12.7,3.7,29712,7380,7229,43,7,3,0,6,92,"Schnapps",15390,1110
"Van Buren",88.3,12.7,3.7,29712,7380,7229,43,7,3,0,6,92,"Amaretto",390,51
"Van Buren",88.3,12.7,3.7,29712,7380,7229,43,7,3,0,6,92,"Distilled Spirits",625,34
"Van Buren",88.3,12.7,3.7,29712,7380,7229,43,7,3,0,6,92,"Rum",27710,2023
"Van Buren",88.3,12.7,3.7,29712,7380,7229,43,7,3,0,6,92,"Tequila",5630,332
"Van Buren",88.3,12.7,3.7,29712,7380,7229,43,7,3,0,6,92,"Brandy",1880,162
"Van Buren",88.3,12.7,3.7,29712,7380,7229,43,7,3,0,6,92,"Misc",9750,547
"Van Buren",88.3,12.7,3.7,29712,7380,7229,43,7,3,0,6,92,"Gin",2939,152
"Wapello",86.3,17.6,7,27318,35242,32003,831,68,323,95,1446,476,"Misc",213075,12056
"Wapello",86.3,17.6,7,27318,35242,32003,831,68,323,95,1446,476,"Whisky",908443,55017
"Wapello",86.3,17.6,7,27318,35242,32003,831,68,323,95,1446,476,"Amaretto",8506,807
"Wapello",86.3,17.6,7,27318,35242,32003,831,68,323,95,1446,476,"Gin",48920,3910
"Wapello",86.3,17.6,7,27318,35242,32003,831,68,323,95,1446,476,"Tequila",158762,9115
"Wapello",86.3,17.6,7,27318,35242,32003,831,68,323,95,1446,476,"Rum",353065,24246
"Wapello",86.3,17.6,7,27318,35242,32003,831,68,323,95,1446,476,"Distilled Spirits",21825,1952
"Wapello",86.3,17.6,7,27318,35242,32003,831,68,323,95,1446,476,"Vodka",475947,45393
"Wapello",86.3,17.6,7,27318,35242,32003,831,68,323,95,1446,476,"Brandy",68125,3971
"Wapello",86.3,17.6,7,27318,35242,32003,831,68,323,95,1446,476,"Schnapps",157598,11677
"Warren",95.6,28.8,5.2,36543,48170,46619,193,113,230,51,200,764,"Rum",325306,23426
"Warren",95.6,28.8,5.2,36543,48170,46619,193,113,230,51,200,764,"Schnapps",64437,4501
"Warren",95.6,28.8,5.2,36543,48170,46619,193,113,230,51,200,764,"Amaretto",5518,668
"Warren",95.6,28.8,5.2,36543,48170,46619,193,113,230,51,200,764,"Misc",203044,12041
"Warren",95.6,28.8,5.2,36543,48170,46619,193,113,230,51,200,764,"Whisky",759226,48395
"Warren",95.6,28.8,5.2,36543,48170,46619,193,113,230,51,200,764,"Distilled Spirits",12858,583
"Warren",95.6,28.8,5.2,36543,48170,46619,193,113,230,51,200,764,"Gin",49678,4141
"Warren",95.6,28.8,5.2,36543,48170,46619,193,113,230,51,200,764,"Tequila",102435,7707
"Warren",95.6,28.8,5.2,36543,48170,46619,193,113,230,51,200,764,"Vodka",524316,49683
"Warren",95.6,28.8,5.2,36543,48170,46619,193,113,230,51,200,764,"Brandy",25214,1933
"Washington",90.8,20.9,4.2,31092,22115,21332,195,49,103,11,178,247,"Brandy",32468,2012
"Washington",90.8,20.9,4.2,31092,22115,21332,195,49,103,11,178,247,"Schnapps",68343,5320
"Washington",90.8,20.9,4.2,31092,22115,21332,195,49,103,11,178,247,"Misc",132244,6995
"Washington",90.8,20.9,4.2,31092,22115,21332,195,49,103,11,178,247,"Distilled Spirits",7768,701
"Washington",90.8,20.9,4.2,31092,22115,21332,195,49,103,11,178,247,"Tequila",67540,3620
"Washington",90.8,20.9,4.2,31092,22115,21332,195,49,103,11,178,247,"Vodka",278362,23263
"Washington",90.8,20.9,4.2,31092,22115,21332,195,49,103,11,178,247,"Rum",202795,14238
"Washington",90.8,20.9,4.2,31092,22115,21332,195,49,103,11,178,247,"Gin",35693,2543
"Washington",90.8,20.9,4.2,31092,22115,21332,195,49,103,11,178,247,"Amaretto",5042,514
"Washington",90.8,20.9,4.2,31092,22115,21332,195,49,103,11,178,247,"Whisky",597736,36989
"Wayne",89.2,13.1,3,26887,6403,6264,41,21,4,0,0,73,"Rum",12854,947
"Wayne",89.2,13.1,3,26887,6403,6264,41,21,4,0,0,73,"Brandy",1542,145
"Wayne",89.2,13.1,3,26887,6403,6264,41,21,4,0,0,73,"Distilled Spirits",712,37
"Wayne",89.2,13.1,3,26887,6403,6264,41,21,4,0,0,73,"Schnapps",6641,593
"Wayne",89.2,13.1,3,26887,6403,6264,41,21,4,0,0,73,"Vodka",18898,1860
"Wayne",89.2,13.1,3,26887,6403,6264,41,21,4,0,0,73,"Misc",8677,602
"Wayne",89.2,13.1,3,26887,6403,6264,41,21,4,0,0,73,"Amaretto",762,52
"Wayne",89.2,13.1,3,26887,6403,6264,41,21,4,0,0,73,"Whisky",48401,3269
"Wayne",89.2,13.1,3,26887,6403,6264,41,21,4,0,0,73,"Gin",2629,248
"Wayne",89.2,13.1,3,26887,6403,6264,41,21,4,0,0,73,"Tequila",3306,228
"Webster",90.6,20.6,6.6,25615,37050,33912,1672,140,433,3,380,510,"Rum",524140,36895
"Webster",90.6,20.6,6.6,25615,37050,33912,1672,140,433,3,380,510,"Gin",79048,6402
"Webster",90.6,20.6,6.6,25615,37050,33912,1672,140,433,3,380,510,"Vodka",797751,72564
"Webster",90.6,20.6,6.6,25615,37050,33912,1672,140,433,3,380,510,"Tequila",204349,12497
"Webster",90.6,20.6,6.6,25615,37050,33912,1672,140,433,3,380,510,"Amaretto",16008,1649
"Webster",90.6,20.6,6.6,25615,37050,33912,1672,140,433,3,380,510,"Misc",323715,19383
"Webster",90.6,20.6,6.6,25615,37050,33912,1672,140,433,3,380,510,"Whisky",1142636,76594
"Webster",90.6,20.6,6.6,25615,37050,33912,1672,140,433,3,380,510,"Schnapps",156437,10873
"Webster",90.6,20.6,6.6,25615,37050,33912,1672,140,433,3,380,510,"Brandy",157302,8678
"Webster",90.6,20.6,6.6,25615,37050,33912,1672,140,433,3,380,510,"Distilled Spirits",15528,808
"Winnebago",91,21.6,6.6,28874,10580,10088,79,81,119,1,40,172,"Rum",137615,10145
"Winnebago",91,21.6,6.6,28874,10580,10088,79,81,119,1,40,172,"Brandy",17222,1412
"Winnebago",91,21.6,6.6,28874,10580,10088,79,81,119,1,40,172,"Distilled Spirits",3310,144
"Winnebago",91,21.6,6.6,28874,10580,10088,79,81,119,1,40,172,"Amaretto",3298,311
"Winnebago",91,21.6,6.6,28874,10580,10088,79,81,119,1,40,172,"Tequila",31700,1877
"Winnebago",91,21.6,6.6,28874,10580,10088,79,81,119,1,40,172,"Schnapps",33579,2477
"Winnebago",91,21.6,6.6,28874,10580,10088,79,81,119,1,40,172,"Misc",50938,2971
"Winnebago",91,21.6,6.6,28874,10580,10088,79,81,119,1,40,172,"Whisky",255964,19704
"Winnebago",91,21.6,6.6,28874,10580,10088,79,81,119,1,40,172,"Vodka",146151,15020
"Winnebago",91,21.6,6.6,28874,10580,10088,79,81,119,1,40,172,"Gin",8734,703
"Winneshiek",94.4,27.6,2.5,26460,20789,20124,178,41,244,0,72,130,"Whisky",430894,28228
"Winneshiek",94.4,27.6,2.5,26460,20789,20124,178,41,244,0,72,130,"Gin",48167,3395
"Winneshiek",94.4,27.6,2.5,26460,20789,20124,178,41,244,0,72,130,"Misc",123091,6948
"Winneshiek",94.4,27.6,2.5,26460,20789,20124,178,41,244,0,72,130,"Rum",197902,13310
"Winneshiek",94.4,27.6,2.5,26460,20789,20124,178,41,244,0,72,130,"Distilled Spirits",3864,175
"Winneshiek",94.4,27.6,2.5,26460,20789,20124,178,41,244,0,72,130,"Vodka",302431,28006
"Winneshiek",94.4,27.6,2.5,26460,20789,20124,178,41,244,0,72,130,"Tequila",63072,4225
"Winneshiek",94.4,27.6,2.5,26460,20789,20124,178,41,244,0,72,130,"Brandy",48442,4024
"Winneshiek",94.4,27.6,2.5,26460,20789,20124,178,41,244,0,72,130,"Amaretto",6755,629
"Winneshiek",94.4,27.6,2.5,26460,20789,20124,178,41,244,0,72,130,"Schnapps",79322,6261
"Woodbury",85.7,21.7,5,27239,102426,88291,3149,1570,2832,133,3390,3061,"Whisky",3186676,195163
"Woodbury",85.7,21.7,5,27239,102426,88291,3149,1570,2832,133,3390,3061,"Distilled Spirits",40457,3296
"Woodbury",85.7,21.7,5,27239,102426,88291,3149,1570,2832,133,3390,3061,"Rum",1295409,90890
"Woodbury",85.7,21.7,5,27239,102426,88291,3149,1570,2832,133,3390,3061,"Amaretto",37065,3158
"Woodbury",85.7,21.7,5,27239,102426,88291,3149,1570,2832,133,3390,3061,"Vodka",1864576,156863
"Woodbury",85.7,21.7,5,27239,102426,88291,3149,1570,2832,133,3390,3061,"Gin",208565,15069
"Woodbury",85.7,21.7,5,27239,102426,88291,3149,1570,2832,133,3390,3061,"Tequila",721903,39378
"Woodbury",85.7,21.7,5,27239,102426,88291,3149,1570,2832,133,3390,3061,"Misc",870036,48810
"Woodbury",85.7,21.7,5,27239,102426,88291,3149,1570,2832,133,3390,3061,"Schnapps",526066,34206
"Woodbury",85.7,21.7,5,27239,102426,88291,3149,1570,2832,133,3390,3061,"Brandy",396379,20792
"Worth",92.3,15.3,6.3,28517,7562,7347,68,6,14,1,5,121,"Brandy",10054,785
"Worth",92.3,15.3,6.3,28517,7562,7347,68,6,14,1,5,121,"Schnapps",11315,769
"Worth",92.3,15.3,6.3,28517,7562,7347,68,6,14,1,5,121,"Gin",5099,386
"Worth",92.3,15.3,6.3,28517,7562,7347,68,6,14,1,5,121,"Misc",19159,1228
"Worth",92.3,15.3,6.3,28517,7562,7347,68,6,14,1,5,121,"Tequila",11127,888
"Worth",92.3,15.3,6.3,28517,7562,7347,68,6,14,1,5,121,"Distilled Spirits",678,33
"Worth",92.3,15.3,6.3,28517,7562,7347,68,6,14,1,5,121,"Amaretto",571,68
"Worth",92.3,15.3,6.3,28517,7562,7347,68,6,14,1,5,121,"Whisky",75721,5707
"Worth",92.3,15.3,6.3,28517,7562,7347,68,6,14,1,5,121,"Vodka",41310,4552
"Worth",92.3,15.3,6.3,28517,7562,7347,68,6,14,1,5,121,"Rum",43419,3256
"Wright",90,17,6.2,30756,12891,12022,63,26,73,0,530,177,"Rum",110098,7781
"Wright",90,17,6.2,30756,12891,12022,63,26,73,0,530,177,"Vodka",156735,17132
"Wright",90,17,6.2,30756,12891,12022,63,26,73,0,530,177,"Misc",46374,2730
"Wright",90,17,6.2,30756,12891,12022,63,26,73,0,530,177,"Whisky",287821,21560
"Wright",90,17,6.2,30756,12891,12022,63,26,73,0,530,177,"Gin",10143,844
"Wright",90,17,6.2,30756,12891,12022,63,26,73,0,530,177,"Distilled Spirits",1452,69
"Wright",90,17,6.2,30756,12891,12022,63,26,73,0,530,177,"Tequila",33032,2024
"Wright",90,17,6.2,30756,12891,12022,63,26,73,0,530,177,"Amaretto",2150,210
"Wright",90,17,6.2,30756,12891,12022,63,26,73,0,530,177,"Schnapps",27088,2057
"Wright",90,17,6.2,30756,12891,12022,63,26,73,0,530,177,"Brandy",9258,749
