city,high.school,bachelor,unemployment,income,population,pop.white,pop.black,pop.indian,pop.asian,pop.hawai,pop.other,pop.multi
Ackley,88.8,20,4,30790,1738,1715,0,0,0,0,15,8
Ackworth,85.5,12.7,9.1,41250,66,66,0,0,0,0,0,0
Adair,96.6,19,6.8,32639,813,788,4,1,4,0,3,13
Adel,93.7,32,3.1,37130,4030,3956,20,0,0,0,0,54
Afton,89.4,11.5,5.7,27457,967,953,2,6,2,0,0,4
Agency,86.8,12.1,7.9,26375,619,582,0,7,0,17,0,13
Ainsworth,82.7,22.1,5,31118,451,417,7,0,0,0,8,19
Akron,86.5,14.3,4.6,25769,1485,1477,0,0,0,0,0,8
Albert City,90.9,17,4.1,26510,589,549,17,0,2,0,7,14
Albia,83.9,18.6,4.9,31408,3795,3620,5,0,11,0,118,41
Albion,87.1,12.4,5.2,30595,573,495,0,0,0,0,4,74
Alburnett,95.3,21.6,3.4,32115,633,618,0,0,0,0,0,15
Alden,88.5,9.2,5.1,31028,769,725,0,0,0,0,41,3
Alexander,83.1,10.1,14.3,21250,150,147,3,0,0,0,0,0
Algona,94.4,24.2,0.7,34392,5496,5431,6,0,15,0,11,33
Alleman,96.8,34,1.4,41477,499,492,0,0,0,0,3,4
Allerton,89.7,9.4,2.9,22000,549,510,11,7,0,0,0,21
Allison,92.6,16.5,2.9,33583,1222,1148,9,0,59,0,0,6
Alta,88.8,17.7,3.4,28707,2104,1923,17,0,26,1,108,29
Alta Vista,92,8,1.3,30927,301,296,0,0,2,0,0,3
Alton,90.1,27,0.8,30708,1325,1211,9,0,6,0,79,20
Altoona,94.5,31.2,4.7,40522,16692,16026,122,13,189,0,7,335
Alvord,94.8,7.8,2.1,28182,236,213,0,1,2,2,8,10
Amana,92.9,30.3,0,38438,367,347,20,0,0,0,0,0
Ames,97.4,63.4,6,12027,64073,53532,1994,123,6146,29,278,1971
Anamosa,89.7,13.8,8.5,23285,5459,4841,402,124,14,0,38,40
Anderson,,,,,0,0,0,0,0,0,0,0
Andover,94.6,16.2,0,27188,113,111,0,0,0,0,0,2
Andrew,87.6,11,3.9,26579,519,502,12,0,0,0,0,5
Anita,92.3,15.9,7.3,27000,870,867,0,0,0,0,3,0
Ankeny,97.4,45.9,3.2,40608,53413,50255,658,0,1161,0,101,1238
Anthon,90.7,17.6,3.3,26858,670,645,0,2,9,0,0,14
Aplington,90.9,20.1,1.5,30060,1005,1005,0,0,0,0,0,0
Arcadia,93.4,13.8,2.8,30096,539,520,3,0,0,0,0,16
Archer,92.9,13.3,2.5,30313,177,141,1,17,0,0,1,17
Aredale,80.9,4.3,16,31000,58,58,0,0,0,0,0,0
Arion,70.8,2.2,0,25313,126,126,0,0,0,0,0,0
Arispe,95,16.7,0,31250,87,87,0,0,0,0,0,0
Arlington,90.7,10.7,5,27159,526,512,0,3,0,0,0,11
Armstrong,89.5,12.9,3.5,27059,898,888,0,0,0,0,0,10
Arnolds Park,96.8,20.9,9.7,25156,1024,969,15,4,0,0,8,28
Arthur,93.3,10.1,0,30682,254,247,0,0,0,0,0,7
Asbury,96.2,46.9,1,42522,5201,4690,60,0,313,0,23,115
Ashton,87.4,14.7,1.3,27708,427,396,5,7,0,6,0,13
Aspinwall,100,6.7,0,28750,18,18,0,0,0,0,0,0
Atalissa,86.4,3.5,6.6,35625,339,311,0,0,0,0,7,21
Athelstan,0,0,0,,11,11,0,0,0,0,0,0
Atkins,94.6,30.8,2,45823,1713,1665,0,0,26,0,0,22
Atlantic,88,21.1,1.9,25953,6817,6627,21,46,30,23,15,55
Auburn,87.6,8.6,8.1,23750,302,302,0,0,0,0,0,0
Audubon,86.6,13,2.6,25868,2043,1953,2,34,7,0,0,47
Aurelia,92.7,16.6,5.5,32305,955,929,0,0,14,0,0,12
Aurora,82.1,24.8,3,27708,234,206,1,14,5,0,2,6
Avoca,89.7,22.6,3.4,31336,1478,1447,0,0,0,0,0,31
Ayrshire,91,13.5,3.8,25972,136,136,0,0,0,0,0,0
Badger,97.6,16,3.6,29732,487,481,0,0,0,3,0,3
Bagley,90.5,15.1,3.2,27083,335,331,0,3,1,0,0,0
Baldwin,90.9,7.3,6.7,19688,146,145,0,0,0,0,0,1
Balltown,80.8,9.6,0,31250,68,65,0,0,0,0,2,1
Bancroft,95.8,17.2,2.7,30919,712,672,24,0,0,0,8,8
Bankston,91.7,33.3,0,33750,28,28,0,0,0,0,0,0
Barnes City,79.3,4.8,16,23750,265,238,7,2,0,0,0,18
Barnum,85.7,9.5,0,23750,284,284,0,0,0,0,0,0
Bartlett,,,,,0,0,0,0,0,0,0,0
Bassett,96.2,1.9,0,24167,63,63,0,0,0,0,0,0
Batavia,88.4,4.7,9.4,28750,637,637,0,0,0,0,0,0
Battle Creek,92.1,13.7,3.3,26797,698,661,0,0,13,0,0,24
Baxter,91.4,21.7,4.8,34813,1081,1069,0,12,0,0,0,0
Bayard,85.6,8,7.6,19464,455,451,2,1,0,0,0,1
Beacon,81.5,7.1,15.1,23750,526,521,0,0,0,0,0,5
Beaconsfield,71.1,0,100,,38,38,0,0,0,0,0,0
Beaman,90.8,9.9,0,36250,238,234,0,4,0,0,0,0
Beaver,92.6,14.8,0,39583,127,76,0,0,0,0,0,51
Beaverdale,91.1,14.7,10.8,29063,1385,1256,52,0,13,0,0,64
Bedford,92.8,16,3.8,24786,1446,1396,12,2,16,0,6,14
Belle Plaine,87.1,15.2,5.4,27043,2562,2523,0,0,7,0,0,32
Bellevue,87.2,18.2,2.5,32158,2193,2183,0,0,3,0,0,7
Belmond,91.5,14.5,3.3,33262,2686,2551,0,0,16,0,92,27
Bennett,86.1,13.9,2.9,35795,360,357,0,0,0,0,0,3
Bentley,100,25.3,0,70625,107,107,0,0,0,0,0,0
Benton,87.2,25.6,0,25313,43,43,0,0,0,0,0,0
Berkley,78.9,10.5,10,,21,21,0,0,0,0,0,0
Bernard,96.6,15.9,0,33750,127,126,0,0,0,0,0,1
Bertram,95.7,29.1,3.3,40179,341,323,4,0,0,0,0,14
Bettendorf,97.3,49.1,4.3,42397,35048,31018,1196,118,1819,0,411,486
Bevington,90,0,5.9,29167,54,53,0,1,0,0,0,0
Birmingham,93.4,14.3,2.1,21184,546,528,2,0,0,0,6,10
Blairsburg,94.8,15.6,3.6,30375,128,128,0,0,0,0,0,0
Blairstown,88.5,8.3,7.5,31894,744,722,0,0,3,0,12,7
Blakesburg,85.9,9.5,9.6,30417,302,296,0,0,0,0,0,6
Blanchard,80,0,8,29583,29,29,0,0,0,0,0,0
Blencoe,91.3,14.3,7.3,21111,253,246,0,0,0,0,0,7
Blockton,92.8,9.9,4.1,23393,153,151,0,0,0,0,0,2
Bloomfield,94.7,18.3,7.4,27708,2622,2585,2,0,17,0,0,18
Blue Grass,90.1,18.1,4.7,37391,1563,1537,6,11,0,0,5,4
Bode,90.2,11.6,11.3,26625,282,280,0,0,0,0,0,2
Bolan,100,0,0,,40,40,0,0,0,0,0,0
Bonaparte,86.8,3.8,5.4,23750,441,440,0,0,0,0,0,1
Bondurant,94.2,34.8,1.1,43068,5079,4939,0,0,82,0,0,58
Boone,95.8,19.3,4.7,29826,12609,12212,262,53,27,0,8,47
Bouton,94.8,8.2,9.5,27188,161,155,0,0,0,0,0,6
Boxholm,93.6,16,11.4,27778,221,216,0,0,5,0,0,0
Boyden,85.2,13.3,2.8,29938,794,767,0,0,2,0,18,7
Braddyville,97.2,11.9,9.6,19375,152,142,0,10,0,0,0,0
Bradford,85.5,0,0,23750,62,62,0,0,0,0,0,0
Bradgate,93,2.3,5.7,27708,57,56,0,0,0,0,0,1
Brandon,81.4,10.4,1.2,25260,330,330,0,0,0,0,0,0
Brayton,89.9,7.1,0,31250,145,145,0,0,0,0,0,0
Breda,97.7,15.2,0,31993,438,438,0,0,0,0,0,0
Bridgewater,98.1,18.1,0,37938,140,139,0,0,0,0,0,1
Brighton,91,3.6,6.9,27188,595,582,12,0,0,0,0,1
Bristow,79.8,5.3,4.8,27031,153,129,6,0,0,0,0,18
Britt,90.8,16.4,3.9,33640,1919,1867,8,3,5,0,23,13
Bronson,96.4,7.7,4.3,32404,310,295,2,13,0,0,0,0
Brooklyn,92.1,17.7,4.9,31317,1422,1404,0,0,0,0,0,18
Brunsville,98.9,24.2,0,40938,105,103,0,2,0,0,0,0
Buckeye,85.5,3.2,7.3,22019,98,98,0,0,0,0,0,0
Buck Grove,94.7,0,0,,19,19,0,0,0,0,0,0
Buffalo,85.9,5.6,3.2,31575,1226,1203,5,12,0,0,2,4
Buffalo Center,89,22.6,4,35432,841,830,0,0,0,0,0,11
Burchinal,100,0,0,,53,53,0,0,0,0,0,0
Burlington,90.8,19.1,6.9,25217,25492,22550,2030,68,89,0,92,663
Burr Oak,96,5.4,1.7,30089,242,242,0,0,0,0,0,0
Burt,87,6.5,2.8,30000,505,488,9,3,1,0,2,2
Bussey,89.5,9.9,7.7,24423,578,577,0,1,0,0,0,0
Calamus,96,7.5,3.3,31786,407,398,4,2,0,0,1,2
California Junction,47.8,10.9,0,43750,69,69,0,0,0,0,0,0
Callender,87,11.5,6.3,27917,422,419,0,0,0,0,3,0
Calmar,92.3,17.8,1,28160,1023,1003,19,0,0,0,1,0
Calumet,96.1,10.9,2.1,26354,192,177,2,0,6,0,0,7
Camanche,95.5,17.2,4.3,32667,4368,4312,0,0,0,0,0,56
Cambridge,93.3,26.1,4.7,38355,853,838,6,2,2,0,0,5
Cantril,81.5,10.1,3.5,26250,260,257,0,0,3,0,0,0
Carbon,97.3,27,14.3,,37,30,0,4,0,0,0,3
Carlisle,97.3,31.4,3.3,38505,4031,3838,0,0,44,0,0,149
Carpenter,77.6,9.2,13.6,34107,102,85,0,0,17,0,0,0
Carroll,91.9,25.1,1.6,31591,9990,9498,269,0,0,0,70,153
Carson,90.1,22.2,3.4,31014,838,801,0,0,4,0,0,33
Carter Lake,90.2,17.4,8.7,31875,3765,3548,102,26,0,0,14,75
Cascade,91,20.7,2.6,32047,1978,1966,12,0,0,0,0,0
Casey,91.7,10.7,3.7,25938,391,375,0,0,0,0,0,16
Castalia,85.4,16.6,1.9,30000,188,188,0,0,0,0,0,0
Castana,90.2,6.1,3.3,16750,94,94,0,0,0,0,0,0
Cedar Falls,95.6,43.4,4.7,22434,40828,37938,939,120,1192,45,158,436
Cedar Rapids,94,31.8,4.7,32529,129537,112299,8045,329,3447,41,1204,4172
Center Junction,87,5.8,7.7,27083,79,79,0,0,0,0,0,0
Center Point,96.2,22.5,2.4,40313,2507,2433,21,0,4,0,0,49
Centerville,88.5,17.9,7.8,24692,5404,5204,54,3,60,0,0,83
Central City,95.6,12,4.5,32574,1320,1285,26,0,9,0,0,0
Centralia,94.7,10.6,6.5,27115,137,137,0,0,0,0,0,0
Chapin,81.3,13,10.8,30568,259,259,0,0,0,0,0,0
Chariton,90.2,14.5,5.6,27863,4219,4115,7,0,0,0,0,97
Charles City,85.3,21,3.3,23003,7496,6760,247,65,245,0,37,142
Charlotte,95.7,15.8,4.6,30100,404,384,2,0,3,0,0,15
Charter Oak,86.4,11.1,2.4,29297,596,592,0,0,1,0,0,3
Chatsworth,83.9,4.8,0,31786,82,81,0,1,0,0,0,0
Chelsea,65.6,9.9,15,34531,242,182,0,8,0,0,46,6
Cherokee,86.6,17.6,3.6,26007,5113,4944,64,36,29,0,15,25
Chester,91.8,6.3,13.8,23333,263,243,10,0,10,0,0,0
Chillicothe,85.5,20.3,6.4,18750,97,95,2,0,0,0,0,0
Churdan,93.4,15.4,5.2,30227,410,386,0,7,2,0,0,15
Cincinnati,85,11.1,11.7,26667,314,299,0,2,0,0,0,13
Clare,94.8,9.7,4.3,27813,221,221,0,0,0,0,0,0
Clarence,88.2,14.1,2.8,31648,976,972,4,0,0,0,0,0
Clarinda,88.8,23.5,5.2,25348,5431,4978,306,19,29,0,34,65
Clarion,86.1,18.6,8.3,26998,2783,2267,24,0,49,0,387,56
Clarksville,86.7,10.5,5.8,30443,1276,1253,10,0,0,0,0,13
Clayton,76.9,23.1,0,58750,39,39,0,0,0,0,0,0
Clearfield,79.6,8.8,4.7,21750,371,363,0,0,0,0,5,3
Clear Lake,94,25.1,2.2,30478,7644,7366,58,25,123,0,47,25
Cleghorn,95,14.9,0,29375,216,214,0,0,0,0,0,2
Clemons,89.5,10.5,13,32143,111,111,0,0,0,0,0,0
Clermont,94.1,18.5,7,30815,556,556,0,0,0,0,0,0
Climbing Hill,83.7,0,3.8,36458,168,168,0,0,0,0,0,0
Clinton,89.9,19.6,5.6,27086,26148,23792,1251,80,168,0,147,710
Clio,94.8,22.4,7.3,41000,86,85,0,0,0,0,0,1
Clive,95,54.9,3.3,46338,17022,15307,357,59,792,0,235,272
Clutier,79.4,7.8,9.7,26691,196,171,0,0,0,0,1,24
Coalville,96.8,7.2,1.3,33155,609,564,0,0,0,0,0,45
Coburg,80,6.7,0,25694,58,58,0,0,0,0,0,0
Coggon,88.5,14.9,5.1,33068,774,774,0,0,0,0,0,0
Coin,81.5,13,0,35938,220,220,0,0,0,0,0,0
Colesburg,86.4,11.9,5.4,31394,462,456,0,0,0,0,0,6
Colfax,94.5,20.6,10.9,31064,1925,1802,7,0,8,21,5,82
College Springs,91.2,20.8,3.4,11328,197,193,0,0,0,0,0,4
Collins,92.4,11.8,1.4,37188,458,448,3,0,0,0,0,7
Colo,93.3,17.2,5,30964,886,875,0,0,0,0,2,9
Columbus City,64.2,8.8,1.6,30221,447,405,0,0,19,0,19,4
Columbus Junction,69.9,10.8,4.1,26844,2214,1626,84,0,337,0,148,19
Colwell,97.1,11.4,2.1,,67,67,0,0,0,0,0,0
Conesville,63.8,3.3,9.7,24265,617,528,0,0,21,0,62,6
Conrad,93.5,23.5,4.8,36484,1073,1070,0,0,3,0,0,0
Conroy,95.6,14.5,0,38375,375,375,0,0,0,0,0,0
Conway,100,13.3,28.6,,19,19,0,0,0,0,0,0
Coon Rapids,91.4,20.6,3.8,30801,1371,1358,0,9,0,0,0,4
Coppock,86.2,0,0,29167,49,49,0,0,0,0,0,0
Coralville,95.5,55.4,2.9,35773,20078,15437,2270,9,1846,0,333,183
Corley,100,72.4,0,,29,29,0,0,0,0,0,0
Corning,88.2,19,3.2,30058,1598,1559,5,0,12,0,3,19
Correctionville,86.1,15.1,5.8,27135,829,818,0,0,2,0,0,9
Corwith,85.3,16.2,8.1,25179,230,230,0,0,0,0,0,0
Corydon,91,16.1,4.1,27500,1544,1508,18,12,4,0,0,2
Cotter,100,0,9.1,43750,38,38,0,0,0,0,0,0
Coulter,91.1,8.2,6.8,40625,214,205,3,0,6,0,0,0
Council Bluffs,87.7,18,5.4,30096,62326,57736,1249,231,565,5,1187,1353
Craig,92.5,26.4,8,25875,92,92,0,0,0,0,0,0
Crawfordsville,93.1,11.1,1.2,29625,261,255,0,0,0,0,0,6
Crescent,90.5,20.9,2.2,40550,522,511,0,0,0,0,0,11
Cresco,90.7,15.1,4.3,30165,3839,3730,18,0,0,0,2,89
Creston,93,16.7,3.4,26244,7877,7589,122,24,66,7,0,69
Cromwell,95.8,15.3,0,28750,102,102,0,0,0,0,0,0
Crystal Lake,92.9,3.9,0.9,31719,202,201,0,0,0,0,1,0
Cumberland,89,19.5,1.9,24141,250,250,0,0,0,0,0,0
Cumming,98.9,48.7,1.7,61406,415,407,0,0,1,0,0,7
Curlew,98.1,9.6,0,26538,73,73,0,0,0,0,0,0
Cushing,93.9,13.6,1.3,33750,218,216,0,0,2,0,0,0
Cylinder,95.5,20.5,0,41250,76,76,0,0,0,0,0,0
Dakota City,90.6,9.2,2.8,31250,713,711,0,0,0,0,0,2
Dallas Center,96.3,35.4,3.3,37052,1851,1844,0,2,3,0,0,2
Dana,86.5,3.8,6.8,20000,78,78,0,0,0,0,0,0
Danbury,85.1,9.5,6.4,26375,407,396,0,11,0,0,0,0
Danville,94.7,19.4,1.9,31389,1079,1018,18,0,2,0,0,41
Davenport,91.2,26.7,5.1,30275,102305,83300,11694,331,2240,17,1412,3311
Davis City,79.6,3.5,10.8,21528,208,205,0,0,0,0,0,3
Dawson,96.3,11.2,0,24750,158,144,0,0,14,0,0,0
Dayton,88.8,14,3.9,26071,704,678,0,3,0,0,4,19
Decatur City,84.4,7.4,2,29091,205,203,0,0,0,0,0,2
Decorah,95.6,41.6,2.4,12340,7985,7639,152,33,79,0,22,60
Dedham,95.3,8.8,0.8,34688,256,256,0,0,0,0,0,0
Deep River,83.9,4.6,10,20500,252,232,0,0,0,0,10,10
Defiance,86.2,8.3,11.2,26250,240,229,0,0,0,0,10,1
Delaware,97.2,15.7,1,34000,133,130,0,0,0,0,0,3
Delhi,93.6,22.5,0,32000,445,443,0,0,0,0,2,0
Delmar,92.8,16.8,5.4,31597,497,472,0,17,0,0,6,2
Deloit,78.6,6.8,11.5,26818,372,308,39,0,0,0,14,11
Delphos,58.3,0,0,20625,15,15,0,0,0,0,0,0
Delta,74.8,6.9,2,22679,246,245,0,0,0,0,0,1
Denison,66.1,10.7,6.2,30187,8326,7556,244,42,31,0,270,183
Denmark,79.5,16.4,10.1,27888,299,299,0,0,0,0,0,0
Denver,97.5,25.4,1.2,36106,1814,1773,5,0,22,0,0,14
Derby,80,2.2,7.4,,133,98,0,0,0,0,0,35
Des Moines,87.2,25.2,7.1,28776,212859,164184,23469,993,11722,183,5109,7199
De Soto,92.2,22,6.5,30568,1065,1033,0,0,2,0,0,30
De Witt,96.5,29.3,4.7,35863,5264,5067,1,0,74,0,20,102
Dexter,95,23,8.5,35577,824,818,0,0,2,0,0,4
Diagonal,87.1,12.5,6.5,32031,319,316,0,3,0,0,0,0
Diamondhead Lake,85.4,24.7,4.2,38750,318,313,0,5,0,0,0,0
Dickens,89.1,7,5.1,21750,204,204,0,0,0,0,0,0
Dike,96.7,35.6,2,43656,1309,1276,9,0,0,0,8,16
Dixon,98.5,15.4,1.4,26488,216,213,0,0,0,0,0,3
Dolliver,64.4,3.4,11.5,25962,81,81,0,0,0,0,0,0
Donahue,94.2,22.7,0.9,40139,385,378,0,0,0,0,0,7
Donnellson,92.3,14.2,2.2,29758,860,854,0,0,0,0,0,6
Doon,86.2,9.3,8.1,30500,632,619,0,0,3,0,7,3
Douds,100,20.8,0,26094,86,86,0,0,0,0,0,0
Dougherty,91.1,42.2,7.1,21750,64,64,0,0,0,0,0,0
Dow City,87.4,6.6,6.2,19211,463,432,0,0,0,22,7,2
Dows,91.2,16.2,2.6,24792,497,459,15,0,0,0,13,10
Drakesville,82.6,10.1,4.8,21042,172,172,0,0,0,0,0,0
Dubuque,91.4,29.7,5,25838,58535,53089,2380,45,877,338,252,1554
Dumont,86.5,9,12.2,27232,708,699,0,0,0,0,0,9
Duncan,65.6,20.8,24.4,,96,74,11,0,0,0,0,11
Duncombe,88.1,7.3,4.9,27188,313,313,0,0,0,0,0,0
Dundee,92.7,6.5,2.7,28750,204,204,0,0,0,0,0,0
Dunkerton,93.8,16,4.6,32727,895,864,22,0,0,0,0,9
Dunlap,84.8,14.5,0.4,26779,1021,990,0,12,10,0,0,9
Durango,86.7,0,0,,17,15,2,0,0,0,0,0
Durant,93.9,22.8,1.2,36226,2032,1976,0,8,5,0,0,43
Dyersville,90.8,22.8,1.4,32530,4180,4180,0,0,0,0,0,0
Dysart,94.2,16.9,6.4,31366,1418,1381,0,7,16,0,0,14
Eagle Grove,86.8,15.7,9.3,26862,3468,3350,11,24,0,0,36,47
Earlham,97.4,28,2.8,37649,1523,1487,36,0,0,0,0,0
Earling,89.3,19.5,0.5,27500,443,431,0,9,0,0,0,3
Earlville,90,9.8,2,31033,835,791,3,0,19,0,10,12
Early,95.9,17.2,5.8,27330,699,650,36,0,0,0,0,13
East Amana,76.7,56.7,0,8594,40,40,0,0,0,0,0,0
East Peru,85.3,5.3,9.3,21667,98,98,0,0,0,0,0,0
Eddyville,98.3,17.3,10.8,26987,1207,1154,0,0,3,0,0,50
Edgewood,91.2,9.8,7.9,32202,795,763,2,0,20,0,1,9
Elberon,87.9,1.4,3.1,30341,193,193,0,0,0,0,0,0
Eldon,83.6,7.3,12.2,28750,890,874,0,10,0,0,6,0
Eldora,92.2,23.7,4.1,24785,2663,2390,76,6,85,0,15,91
Eldridge,96,33.2,6.5,35597,6122,5865,170,0,0,0,0,87
Elgin,96.3,19.3,6.9,24896,737,719,6,0,5,0,0,7
Elkader,92.8,24,4.6,29659,1325,1309,6,0,4,0,0,6
Elkhart,93.5,20.3,5.1,39044,815,765,16,1,0,0,3,30
Elk Horn,90.3,14.4,5.7,35066,532,532,0,0,0,0,0,0
Elkport,50,0,33.3,18194,25,25,0,0,0,0,0,0
Elk Run Heights,85.8,11.1,4.1,36515,1006,958,0,7,0,0,21,20
Elliott,82.4,8.7,8.7,30368,472,466,0,0,0,0,0,6
Ellston,100,17.9,0,,36,36,0,0,0,0,0,0
Ellsworth,95.1,25.6,1.5,31612,574,494,0,0,4,0,68,8
Elma,92.3,12,0.8,30819,562,560,0,0,0,0,0,2
Ely,97.6,37.4,4,45455,2133,2039,5,0,18,0,7,64
Emerson,94.5,10.9,5.3,27083,525,487,23,1,9,0,0,5
Emmetsburg,94.3,25.5,1.5,28400,3803,3574,149,9,38,0,0,33
Epworth,96.7,29.2,3.4,32059,2068,2019,0,0,0,0,0,49
Essex,91.6,14.4,7.1,29931,859,822,0,9,0,0,0,28
Estherville,88,20.4,6.5,25433,6027,5746,120,13,27,11,42,68
Evansdale,90.2,10.5,4.5,22088,4794,4461,0,18,0,0,14,301
Everly,89.2,12.3,5.6,24632,624,621,0,0,0,0,1,2
Exira,86.6,8.1,5.9,26767,881,860,11,0,0,0,0,10
Exline,78.8,3.5,5.7,24792,154,151,0,1,0,0,2,0
Fairbank,96.8,16.2,3.3,33750,1168,1134,0,24,0,0,0,10
Fairfax,98,40.8,2.3,48346,2418,2386,0,0,9,0,0,23
Fairfield,95.5,38.1,8.9,19661,9942,7565,997,0,633,0,257,490
Farley,95.2,17,0.8,37586,1688,1685,0,0,0,0,0,3
Farmersburg,96.6,9.5,6.8,25833,278,277,1,0,0,0,0,0
Farmington,83.1,8.5,4.3,22340,961,913,0,0,0,0,0,48
Farnhamville,95.5,14,9.8,23833,369,367,0,0,0,0,0,2
Farragut,94.8,20.4,6.3,25714,431,425,0,0,0,0,0,6
Fayette,87.3,30.7,8.5,6563,1196,930,125,0,79,0,28,34
Fenton,93.6,12.8,8.2,33661,312,312,0,0,0,0,0,0
Ferguson,85.2,1.7,5.7,21250,137,130,0,0,0,0,0,7
Fertile,92.2,14.8,1.6,25750,346,338,0,0,2,0,0,6
Floris,86.7,8.9,9.4,33214,246,216,0,0,0,0,0,30
Floyd,85.6,9.9,4,25893,365,352,0,0,4,2,0,7
Fonda,88.6,13.9,3.9,28958,525,505,2,0,0,2,0,16
Fontanelle,89.1,7.6,8.1,27679,667,662,0,0,1,0,0,4
Forest City,92.5,20.5,7.5,24928,4043,3735,67,3,101,0,18,119
Fort Atkinson,87.7,13.3,4.3,32031,259,252,0,0,0,0,0,7
Fort Dodge,90.1,22.8,7.7,22426,24626,21898,1560,99,401,0,348,320
Fort Madison,92.3,11.8,8.2,28808,10769,10087,334,0,44,0,16,288
Fostoria,90.6,12.5,2.4,29500,194,194,0,0,0,0,0,0
Franklin,88.9,12.2,0,37500,110,106,0,0,0,0,0,4
Fraser,86.8,12.4,3,24625,165,165,0,0,0,0,0,0
Fredericksburg,92.9,16.4,4.2,28846,1159,1110,33,0,2,0,0,14
Frederika,93.1,14.4,4.3,25417,301,285,14,0,0,0,0,2
Fredonia,68.2,2.9,6.1,28500,313,303,0,0,0,0,10,0
Fremont,89.3,11.5,9.4,23750,745,711,0,0,0,0,0,34
Fruitland,92.6,17.6,5.6,36406,1196,1192,0,0,0,0,0,4
Frytown,100,45.6,0,58672,84,84,0,0,0,0,0,0
Galt,97.9,23.4,0,29375,63,63,0,0,0,0,0,0
Galva,87,8.8,4.5,27279,466,436,5,10,0,0,12,3
Garber,90.7,2.3,3.8,27969,129,124,0,0,4,0,0,1
Garden City,100,25.3,0,46250,99,99,0,0,0,0,0,0
Garden Grove,84,9.2,4.8,15938,183,177,0,0,6,0,0,0
Garnavillo,85.3,13.2,1.6,26719,824,811,2,1,0,0,0,10
Garner,96.3,26.7,0,31378,3091,3003,13,0,0,9,1,65
Garrison,89.4,9.8,5.1,31375,352,334,0,0,0,0,0,18
Garwin,93.9,12.5,5.6,32625,503,486,10,2,0,0,0,5
Geneva,95.8,6.3,12.5,21944,143,138,5,0,0,0,0,0
George,85.2,19.5,2.6,31190,1007,967,0,0,3,0,28,9
Gibson,94.1,20.6,30.3,26250,48,48,0,0,0,0,0,0
Gilbert,98.8,43.9,3.1,38839,1183,1108,11,0,17,0,4,43
Gilbertville,92.5,14.5,3.6,30909,723,703,0,0,0,0,0,20
Gillett Grove,74.2,0,10,,35,33,0,0,0,0,0,2
Gilman,91.9,8.8,8.7,31458,598,598,0,0,0,0,0,0
Gilmore City,91.7,13.6,7.5,30000,472,470,0,0,2,0,0,0
Gladbrook,95.6,18.2,6,35000,886,859,21,4,0,0,0,2
Glenwood,91,23.9,3,26369,5233,5055,68,66,0,0,0,44
Glidden,93.9,19.1,5.5,27313,1422,1400,17,5,0,0,0,0
Goldfield,89.7,10.3,2.9,30673,628,626,0,0,2,0,0,0
Goodell,89.6,1.3,3.4,22031,128,125,0,0,0,0,3,0
Goose Lake,93.6,17.2,2.2,31111,275,272,0,0,3,0,0,0
Gowrie,91.1,21.6,8.2,30643,1047,977,3,0,6,0,0,61
Graettinger,88.3,11.2,2.5,29432,716,700,12,0,0,0,4,0
Graf,89.1,16.4,5.1,32083,83,83,0,0,0,0,0,0
Grafton,91.3,8.7,0,26429,355,344,6,0,0,0,0,5
Grand Junction,91.7,9.6,13.9,24643,838,838,0,0,0,0,0,0
Grand Mound,96,16.7,4.2,29107,557,549,1,0,0,0,0,7
Grand River,83.5,13.4,6.4,26875,227,227,0,0,0,0,0,0
Grandview,88.6,19.3,4,31705,449,435,8,0,3,0,3,0
Granger,93.4,38.3,1.8,43856,1461,1414,7,1,0,0,35,4
Grant,90.1,0,6.3,23750,108,108,0,0,0,0,0,0
Granville,92.2,16.4,3.8,33235,362,350,0,0,0,0,4,8
Gravity,80,3.6,2.5,27188,157,151,0,0,0,0,0,6
Gray,92.7,17.7,0,25833,160,160,0,0,0,0,0,0
Greeley,83.2,1.5,0,33056,279,268,0,0,8,0,0,3
Greene,87.8,17.2,2.7,31724,1115,1104,0,0,0,11,0,0
Greenfield,92,15.3,2.4,31750,1951,1925,1,0,20,0,5,0
Green Mountain,89,12.1,0,32083,120,120,0,0,0,0,0,0
Greenville,82.8,3.4,3,20833,93,93,0,0,0,0,0,0
Grimes,97.7,48.6,3.2,45458,10422,10132,2,35,77,0,0,176
Grinnell,93.4,31.1,4.1,16878,9112,8272,294,15,365,5,24,137
Griswold,87.3,14.2,9.4,23977,1176,1130,0,0,16,0,0,30
Grundy Center,94.5,25.6,5.4,31728,2705,2672,33,0,0,0,0,0
Gruver,88.1,10.7,0,26250,105,103,0,0,0,0,2,0
Guernsey,94,14,7,20833,72,72,0,0,0,0,0,0
Guthrie Center,87.5,13.7,3.9,28333,1650,1557,23,0,1,0,17,52
Guttenberg,91.2,13.2,4.3,26326,1956,1876,6,3,0,0,0,71
Halbur,93.6,18.6,0,30167,243,243,0,0,0,0,0,0
Hamburg,89.7,16.6,3.7,25417,1115,1085,0,5,0,0,0,25
Hamilton,78.3,2.9,10.9,30000,112,112,0,0,0,0,0,0
Hampton,83.8,18.7,2.8,29104,4326,3785,99,0,0,0,412,30
Hancock,92.9,10.3,7.9,32125,193,187,0,1,0,0,0,5
Hanlontown,94.5,17.1,8.4,30208,211,203,0,0,3,0,0,5
Hansell,92,4,0,36250,93,91,0,0,0,0,0,2
Harcourt,91.5,18.9,1.9,35714,291,273,0,14,0,0,0,4
Hardy,51.2,18.6,0,28750,90,83,7,0,0,0,0,0
Harlan,88.5,23.9,2.7,26558,5008,4590,47,6,31,0,201,133
Harper,94.9,18.6,1.5,31250,96,96,0,0,0,0,0,0
Harpers Ferry,89.1,14.7,4.5,24063,268,268,0,0,0,0,0,0
Harris,80.5,2.4,10,30156,147,134,1,0,4,0,0,8
Hartford,93.8,8.4,9.1,30294,824,758,19,0,0,0,0,47
Hartley,88.3,11.5,1.4,29615,1717,1602,12,13,21,0,24,45
Hartwick,97.2,15.3,0,36719,98,93,0,0,0,0,0,5
Harvey,85.2,0,6.7,22778,290,290,0,0,0,0,0,0
Hastings,84.9,10.5,14.1,18750,150,150,0,0,0,0,0,0
Havelock,91.1,3,4.9,24167,137,137,0,0,0,0,0,0
Haverhill,94.4,14.4,6.4,29167,169,168,0,0,1,0,0,0
Hawarden,82.4,18.5,7,28590,2538,2130,3,0,0,0,377,28
Hawkeye,90.4,9.6,3.2,21641,496,472,0,0,0,0,0,24
Hayesville,83.3,5.6,0,24063,42,42,0,0,0,0,0,0
Hayfield,100,0,,,8,8,0,0,0,0,0,0
Hazleton,90.9,3.6,8,24375,794,775,2,12,0,0,0,5
Hedrick,89,7,11.2,18194,711,707,0,0,0,0,0,4
Henderson,93.5,6.5,6.3,31667,147,147,0,0,0,0,0,0
Hepburn,86.4,0,0,29688,30,30,0,0,0,0,0,0
Hiawatha,94.2,28.4,4.5,31552,7160,5905,801,0,155,15,0,284
High Amana,100,42,0,41635,104,104,0,0,0,0,0,0
Hills,97.5,22.9,2.9,36000,730,615,42,10,0,0,0,63
Hillsboro,81.8,10.9,6.4,16154,228,227,0,0,0,0,1,0
Hinton,93.9,25.6,5.8,40885,809,799,4,0,2,0,4,0
Holiday Lake,97.3,19.8,0,36534,323,323,0,0,0,0,0,0
Holland,93.5,15.4,2.6,29732,284,281,0,0,0,0,0,3
Holstein,95.4,28.9,5.4,29471,1416,1350,0,39,9,0,8,10
Holy Cross,91.4,10.7,0.5,36364,339,333,0,0,0,0,0,6
Homestead,100,38.5,0,38906,178,178,0,0,0,0,0,0
Hopkinton,91.2,6.5,6.3,23000,561,546,3,0,0,0,0,12
Hornick,86.6,11.9,3.3,30455,298,281,0,0,0,0,0,17
Hospers,92.2,15.7,2.7,35000,756,745,0,0,3,0,0,8
Houghton,82.9,19.8,9.6,41875,152,152,0,0,0,0,0,0
Hubbard,86.6,15.2,5.4,37917,891,880,8,0,0,0,0,3
Hudson,98.3,34.5,4.7,41672,2414,2392,0,0,11,0,11,0
Hull,82.6,18.2,2.7,30000,2146,1908,3,13,4,4,153,61
Humboldt,93.8,22.4,3.6,27122,4602,4470,4,12,22,0,4,90
Humeston,93.5,9.6,1.1,30333,400,393,0,2,0,0,0,5
Hutchins,100,0,0,,13,13,0,0,0,0,0,0
Huxley,95.5,37,7.5,39750,3474,3410,19,0,45,0,0,0
Ida Grove,89.3,18.5,4.3,28048,2203,2187,1,7,0,0,1,7
Imogene,85.2,25.9,0,,35,35,0,0,0,0,0,0
Independence,91.7,19.4,2.6,28876,6005,5852,49,0,84,0,20,0
Indianola,94.9,28.4,7.5,26250,15343,14670,84,36,91,51,66,345
Inwood,88.5,13.6,1,32250,879,793,0,25,2,6,22,31
Ionia,94.4,9.3,2.7,36875,332,332,0,0,0,0,0,0
Iowa City,94.9,59.9,4.4,18553,72385,57006,5108,176,5906,151,2160,1878
Iowa Falls,91.6,18.2,4.8,27740,5176,5013,79,26,21,0,12,25
Ireton,91.5,22,1.6,26481,665,601,2,4,2,0,0,56
Irvington,,,,,0,0,0,0,0,0,0,0
Irwin,95.7,20.3,5.3,17460,328,323,0,1,0,0,0,4
Jackson Junction,96.9,12.5,3.1,31667,47,47,0,0,0,0,0,0
Jacksonville,100,0,0,,32,32,0,0,0,0,0,0
Jamaica,78,6.9,7.9,22212,242,190,1,0,0,0,51,0
Janesville,95.3,14.1,8.9,37000,795,795,0,0,0,0,0,0
Jefferson,91.5,20.3,5.5,25481,4207,4082,12,9,31,5,0,68
Jesup,98.5,19.6,6.7,34763,2809,2765,0,0,0,0,7,37
Jewell Junction,94.1,27.1,0.8,40050,1230,1207,20,0,3,0,0,0
Johnston,96.6,56.7,3.8,58077,19491,17976,403,14,760,52,19,267
Joice,93.3,16.7,3.5,25625,195,192,0,0,0,1,0,2
Jolley,94.3,17.1,0,31250,41,41,0,0,0,0,0,0
Kalona,88.2,24.1,3.5,32222,2479,2444,5,0,0,0,12,18
Kamrar,92.2,3.5,7.7,19688,149,141,0,0,7,0,1,0
Kanawha,86.6,9.9,2.9,23750,722,675,0,12,25,0,0,10
Kellerton,85.9,5,3.1,23750,295,283,3,3,0,0,0,6
Kelley,95,23.1,2.5,40577,306,305,0,0,1,0,0,0
Kellogg,90.7,6.5,5.9,28693,777,760,0,0,7,0,2,8
Kensett,89,10.3,20.3,17917,345,340,5,0,0,0,0,0
Kent,83.8,0,0,,53,53,0,0,0,0,0,0
Keokuk,89.4,15.1,10.3,24935,10628,9333,528,43,82,0,122,520
Keomah Village,100,35.9,14.7,24375,69,69,0,0,0,0,0,0
Keosauqua,95,19.3,6.3,33229,1029,1007,13,0,0,0,0,9
Keota,90.6,14.7,10.8,24779,932,897,0,0,17,0,0,18
Keswick,96.3,9.3,1.7,33750,241,237,0,0,0,0,0,4
Keystone,92.1,14.1,5.1,31316,631,621,0,4,0,0,0,6
Kimballton,88.4,13.3,1.7,27000,339,325,0,4,0,0,0,10
Kingsley,95.4,20.8,3.7,34118,1436,1411,9,0,0,0,0,16
Kinross,70,2,2.6,31563,53,53,0,0,0,0,0,0
Kirkman,100,3.6,9.8,25625,65,63,0,0,2,0,0,0
Kirkville,89.3,6.1,7.5,28393,179,179,0,0,0,0,0,0
Kiron,91.6,11.4,0.8,20714,262,262,0,0,0,0,0,0
Klemme,97,7.2,6.8,22016,572,550,13,0,0,0,1,8
Knierim,100,17.8,21.6,21875,72,72,0,0,0,0,0,0
Knoxville,92,15.9,6.3,26362,7236,6947,38,48,45,0,22,136
Lacona,89.3,12,8.7,30875,472,451,0,0,0,0,0,21
Ladora,89.3,4.7,2.7,22813,308,297,0,0,2,0,9,0
Lake City,87.6,21.2,4.8,23203,1759,1699,27,0,12,0,0,21
Lake Mills,90.8,22.8,5.8,30745,2027,1930,0,69,0,0,7,21
Lake Panorama,100,43.3,1.4,37607,1097,1089,0,8,0,0,0,0
Lake Park,94.6,18.8,6.5,30260,1171,1158,0,0,2,0,1,10
Lakeside,77.3,23.1,2.5,30580,674,567,14,0,17,0,73,3
Lake View,90.7,19.9,6.7,31776,1002,990,8,0,0,0,4,0
Lakota,86.8,10.8,3.9,25278,211,204,0,0,0,0,4,3
Lambs Grove,95.8,25,1.9,41250,200,200,0,0,0,0,0,0
Lamoni,87.8,32.9,6,9158,2616,2309,162,34,6,14,20,71
Lamont,89.3,5.4,8,25278,430,429,0,0,0,0,1,0
La Motte,92.3,5,10.5,30625,238,230,0,3,0,0,0,5
Lanesboro,87.9,9.9,1.3,28456,139,139,0,0,0,0,0,0
Lansing,96.8,15.7,6.7,27574,833,816,2,3,8,0,0,4
La Porte City,94.1,19.7,2.4,33125,2403,2380,0,5,9,0,0,9
Larchwood,90.8,23.4,5.2,32366,865,845,0,15,2,0,0,3
Larrabee,90.7,5.3,12.4,22500,202,174,0,0,0,0,0,28
Latimer,81.3,13.1,5.8,26146,499,431,29,3,14,0,17,5
Laurel,87.8,13.2,11.2,24063,358,313,1,0,0,0,5,39
Laurens,92,15.3,2.6,31726,1272,1155,54,6,16,0,19,22
Lawler,89.8,15.5,2.8,27328,324,324,0,0,0,0,0,0
Lawton,95.2,30.6,2,35294,900,878,5,0,0,0,10,7
Leando,100,0,0,,40,40,0,0,0,0,0,0
Le Claire,97.9,41.4,6.5,45493,3931,3653,93,7,0,0,23,155
Ledyard,88.6,7.6,2.5,23750,100,93,0,0,0,0,0,7
Le Grand,95.7,16,2.6,31467,995,926,14,0,6,0,13,36
Lehigh,90.8,6.4,13.6,27232,406,397,0,0,0,0,0,9
Leighton,94.2,18.2,1.9,23125,193,178,0,0,0,0,0,15
Leland,92.4,11.8,2.1,28625,247,226,12,0,9,0,0,0
Le Mars,90.6,18.7,3.8,36924,9826,9066,87,44,69,42,320,198
Lenox,83.1,9.3,4.8,24837,1424,1275,0,11,18,0,120,0
Leon,85.1,13.9,7,22734,1995,1962,1,0,18,0,0,14
Le Roy,100,0,,,6,4,0,0,0,0,0,2
Lester,94,13.1,0,37625,269,259,2,0,0,0,0,8
Letts,87.7,9.1,3.1,30694,410,410,0,0,0,0,0,0
Lewis,82.8,5.6,7.7,30000,553,525,0,4,0,0,0,24
Libertyville,94.1,10.6,3.7,32083,371,371,0,0,0,0,0,0
Lidderdale,96.1,5.9,8.1,33500,120,116,0,0,0,0,0,4
Lime Springs,91.4,10.4,3.8,27065,486,464,0,0,11,0,11,0
Lincoln,94,7.1,9.5,11042,121,121,0,0,0,0,0,0
Linden,83.4,10.6,11.2,27917,186,178,0,2,0,0,6,0
Lineville,84.4,9,5.6,27500,209,196,0,0,0,0,0,13
Linn Grove,95.7,21.6,0,27917,140,140,0,0,0,0,0,0
Lisbon,93.8,26.2,4.1,36716,1908,1827,31,18,0,0,13,19
Liscomb,96.9,4.6,2.4,27917,291,291,0,0,0,0,0,0
Little Cedar,100,0,0,,20,20,0,0,0,0,0,0
Little Rock,89.6,12,4.1,28214,477,468,0,0,1,0,8,0
Little Sioux,81.1,1.8,6.5,30208,133,128,0,0,0,0,3,2
Livermore,90.4,9.9,4.2,28875,508,503,0,0,0,0,0,5
Lockridge,89.9,11.7,4,28182,265,262,0,2,0,0,1,0
Logan,88.2,21.5,1.5,36786,1540,1485,7,7,0,7,0,34
Lohrville,91.1,21.9,6.5,29167,384,378,0,3,1,0,1,1
Lone Rock,83.9,11.9,9.6,20682,199,186,1,0,1,0,0,11
Lone Tree,91.7,23.2,3.5,32332,1482,1441,0,0,4,0,7,30
Long Grove,98.2,45.5,3.7,42201,952,931,8,3,4,0,0,6
Lorimor,85.6,5.1,10,24598,364,364,0,0,0,0,0,0
Lost Nation,84.3,14.2,1.9,29583,493,487,0,0,0,0,3,3
Loveland,28.6,0,0,38854,40,40,0,0,0,0,0,0
Lovilia,91.1,5.3,16.9,25893,600,600,0,0,0,0,0,0
Lowden,93,15.1,7.9,31458,853,814,0,13,0,0,4,22
Low Moor,92.3,12.9,4.5,29000,249,236,6,0,0,0,0,7
Luana,87.8,16.9,2.8,25875,338,337,0,0,0,0,0,1
Lucas,83.7,2.2,8.6,25500,185,181,4,0,0,0,0,0
Luther,97.4,14.8,1.2,35625,147,147,0,0,0,0,0,0
Lu Verne,77.4,7,5,20313,317,290,4,0,0,0,0,23
Luxemburg,82.9,10.1,6.1,35000,203,203,0,0,0,0,0,0
Luzerne,97.8,2.2,3.8,31250,138,138,0,0,0,0,0,0
Lynnville,91.5,10,0.7,32102,456,447,0,0,0,0,1,8
Lytton,90.7,10.6,1.7,25139,290,286,0,0,0,0,0,4
McCallsburg,89.9,13.5,0.6,31071,325,313,0,0,0,0,0,12
McCausland,93.3,24.2,4.1,36071,326,315,0,0,6,0,0,5
McClelland,93.7,17.1,0,41250,176,173,0,0,0,0,0,3
Macedonia,90.4,9.6,6.2,29432,223,218,0,0,0,0,5,0
McGregor,92.6,17.4,1,25219,804,775,2,21,6,0,0,0
McIntire,77.2,2,4.5,25000,120,116,0,0,0,0,0,4
Macksburg,79.5,15.7,2.9,21691,121,114,0,0,7,0,0,0
Madrid,91.5,17.4,2.6,35351,2585,2541,0,7,0,0,0,37
Magnolia,87,8.1,3.7,25000,151,151,0,0,0,0,0,0
Maharishi Vedic City,98,64,0,23333,583,234,2,0,182,0,165,0
Malcom,91.1,8.9,8.5,26181,297,283,4,0,3,0,1,6
Mallard,91.7,10.6,7.8,24063,280,274,2,0,0,0,0,4
Maloy,100,16.7,0,31250,19,19,0,0,0,0,0,0
Malvern,90.2,20.8,4.5,38750,982,973,1,4,0,0,4,0
Manchester,89.9,18.6,2.6,30320,5083,5048,24,5,0,0,0,6
Manilla,90,9.7,9.9,26375,975,858,0,0,0,0,107,10
Manly,89.9,12.4,3.5,22569,1551,1471,6,4,2,0,5,63
Manning,91.4,21.5,8.8,25907,1509,1475,2,0,16,0,0,16
Manson,94.9,15.2,1.5,29279,1825,1767,0,4,2,0,3,49
Mapleton,84.7,22.2,4.7,30000,1299,1299,0,0,0,0,0,0
Maquoketa,92.8,16.3,8.3,25028,6025,5627,25,7,32,120,0,214
Marathon,81.2,9.7,9.8,26875,270,265,0,0,0,0,0,5
Marble Rock,83.4,7.6,4.2,29423,316,312,1,1,0,0,0,2
Marcus,90.8,23,2.6,31722,1146,1100,0,5,0,0,0,41
Marengo,90.2,10.6,2.4,25875,2927,2809,30,0,0,3,40,45
Marion,96.1,34.2,3.9,38340,37198,34765,858,22,577,0,177,799
Marne,94.1,12.9,0,25000,120,116,0,0,0,0,0,4
Marquette,91.2,17.5,6,28438,423,413,0,0,3,0,0,7
Marshalltown,79.7,19.5,7.1,27243,27637,21427,460,93,1238,15,3550,854
Martelle,93.8,13.4,8.1,33929,266,263,0,0,0,0,0,3
Martensdale,93.2,9.7,7.2,31765,452,448,0,0,0,0,1,3
Martinsburg,82.4,12.2,3.9,50227,125,125,0,0,0,0,0,0
Marysville,87.8,0,0,40909,103,103,0,0,0,0,0,0
Mason City,92.5,21.4,4.9,27246,27546,25872,524,93,343,0,178,536
Masonville,91.1,2.2,0,22813,120,120,0,0,0,0,0,0
Massena,93.5,10.4,3.4,30500,311,310,0,0,0,0,0,1
Matlock,96.2,0,0,30714,71,71,0,0,0,0,0,0
Maurice,90.3,15,2.5,31307,323,304,2,2,0,0,8,7
Maxwell,96.4,20.4,1.9,36042,839,809,0,0,21,0,0,9
Maynard,90.1,26.9,4.1,31048,513,503,0,10,0,0,0,0
Maysville,94.2,18.1,0,31184,159,156,0,0,3,0,0,0
Mechanicsville,94.9,21.1,1.1,31607,1052,1047,0,0,0,0,0,5
Mediapolis,95.7,24.6,1.7,35714,1536,1476,28,0,4,0,0,28
Melbourne,94.5,14.5,3.6,31042,821,794,3,0,5,0,2,17
Melcher-Dallas,94.1,16.1,9.2,30227,1162,1156,0,0,0,0,0,6
Melrose,92.8,3.6,2.4,30250,153,148,1,0,0,0,0,4
Melvin,86,14.6,6.5,31429,235,231,0,4,0,0,0,0
Menlo,92.9,13.5,6.1,36827,410,399,0,4,0,0,0,7
Meriden,93.9,19.7,0,30313,209,207,0,0,0,0,0,2
Merrill,88.9,13.7,6.1,30259,829,766,0,0,3,16,42,2
Meservey,97.1,8.7,1,27361,177,177,0,0,0,0,0,0
Meyer,,,,,0,0,0,0,0,0,0,0
Middle Amana,91,37.9,0,50714,423,396,27,0,0,0,0,0
Middletown,96.5,18.6,4.5,25167,361,325,12,0,6,0,0,18
Miles,94,22,3.7,35250,410,404,0,3,0,0,0,3
Milford,93,17.3,3.2,28455,2991,2939,17,15,0,0,0,20
Miller,,,,,0,0,0,0,0,0,0,0
Millersburg,84.2,4.4,13.4,31181,154,154,0,0,0,0,0,0
Millerton,100,32.4,0,31829,96,96,0,0,0,0,0,0
Milo,97.2,11.9,1.2,35766,928,895,0,0,2,0,24,7
Milton,75.1,7.1,3.7,23250,604,558,28,0,0,0,0,18
Minburn,92.7,12.1,1.2,34688,366,362,0,0,0,0,0,4
Minden,92.9,24.3,2.8,41400,634,634,0,0,0,0,0,0
Mineola,100,9.8,23.5,42891,111,111,0,0,0,0,0,0
Mingo,93.2,15.7,0,31875,255,253,0,0,0,0,0,2
Missouri Valley,90,13.3,5.2,30952,2689,2676,0,0,13,0,0,0
Mitchell,83.6,4.3,0,40200,171,171,0,0,0,0,0,0
Mitchellville,90.3,9,6.1,30329,2271,2023,162,31,8,0,0,47
Modale,94.1,11.8,0.7,27292,275,271,0,4,0,0,0,0
Mona,100,0,0,21014,96,96,0,0,0,0,0,0
Mondamin,91.3,16.3,5.6,27500,322,315,0,0,0,0,6,1
Monmouth,83.3,8.8,8.8,27000,169,166,0,0,2,0,0,1
Monona,90.2,20.3,2.9,28438,1495,1470,0,0,16,0,0,9
Monroe,93.8,18.6,7.8,35107,1875,1840,0,0,7,0,0,28
Montezuma,94.3,18.7,6.4,33149,1591,1567,0,0,0,0,0,24
Monticello,92.4,12.8,3.2,31788,3809,3805,1,0,0,0,0,3
Montour,87.7,11.3,6,35536,259,259,0,0,0,0,0,0
Montrose,91.6,6.4,5.3,29643,950,909,0,0,0,0,5,36
Moorhead,96.5,12.7,1.1,20750,221,216,0,0,2,0,0,3
Moorland,81.9,14.5,2.2,23036,212,212,0,0,0,0,0,0
Moravia,91.4,13.1,5.3,30000,792,778,0,0,0,0,0,14
Morley,90.1,12.3,4.5,20250,128,98,0,0,14,0,0,16
Morning Sun,83.6,14.4,2.2,28813,906,874,4,18,0,0,0,10
Morrison,96.7,5.4,3.6,33750,122,122,0,0,0,0,0,0
Moulton,88.9,14.2,13.3,27258,653,650,0,0,0,0,0,3
Mount Auburn,90.7,3.1,1.8,23125,120,120,0,0,0,0,0,0
Mount Ayr,88.8,19.3,7.5,27357,1958,1840,8,8,21,0,57,24
Mount Pleasant,91.8,18.6,2.8,26229,8491,7315,385,39,472,0,73,207
Mount Sterling,100,71,0,26250,36,36,0,0,0,0,0,0
Mount Union,86.2,6.2,10.6,36250,93,93,0,0,0,0,0,0
Mount Vernon,99.2,65.8,1.4,16218,4487,4120,50,0,52,4,13,248
Moville,97.5,25.8,1.5,33207,1587,1572,0,5,0,0,0,10
Murray,93.2,7.6,5.3,30801,661,655,0,0,0,0,0,6
Muscatine,85.9,19.6,5.1,30046,23909,21266,732,33,301,0,731,846
Mystic,84.4,6.3,4.8,23393,363,359,0,0,0,0,0,4
Nashua,91.6,13.6,7.6,26613,1613,1607,0,0,0,0,0,6
Nemaha,84.9,5.7,4.1,18194,100,94,0,0,0,0,6,0
Neola,97.3,17.6,1.9,35929,978,963,0,0,0,0,0,15
Nevada,93.8,22.9,4.9,35297,6796,6643,32,0,37,0,6,78
New Albin,94,10.7,6,22183,623,618,0,0,0,0,0,5
Newell,93.2,22.5,1.6,31193,1070,1025,0,4,0,0,38,3
Newhall,97.8,20.4,3.2,37200,985,975,0,2,0,0,0,8
New Hampton,87.8,18.4,3.9,32611,3478,3390,32,7,31,0,12,6
New Hartford,97,16.2,2.2,30509,621,621,0,0,0,0,0,0
New Haven,72.1,9.8,0,26382,84,84,0,0,0,0,0,0
New Liberty,92.8,10.8,9.3,26705,166,158,0,0,4,0,0,4
New London,94.7,15,6,30509,1945,1860,0,0,20,0,30,35
New Market,92.9,11.4,1.4,32875,393,381,0,3,0,0,0,9
New Providence,90,24,3.6,34375,273,268,0,0,0,0,0,5
New Sharon,94.6,18.5,7.1,32287,1263,1222,0,12,3,0,0,26
Newton,91.8,15.9,5.8,27290,15090,14413,235,52,133,0,0,257
New Vienna,90.2,11.2,3,32222,381,365,0,0,1,0,0,15
New Virginia,94.6,13.8,7.8,32143,553,550,0,0,3,0,0,0
Nichols,90.6,7.5,0.5,31000,360,341,0,0,6,0,4,9
Nodaway,90,30,21.1,,91,87,0,0,0,0,0,4
Nora Springs,92.7,15,2.8,30074,1567,1520,10,0,0,0,2,35
Northboro,92.9,0,9.7,28750,50,50,0,0,0,0,0,0
North Buena Vista,79.7,8.9,11.1,31250,93,93,0,0,0,0,0,0
North English,87.9,16.1,3.6,31097,1148,1111,0,0,0,0,0,37
North Liberty,96.9,49.5,0.7,41282,16984,15271,977,0,433,0,63,240
North Washington,100,11,0,32188,161,153,8,0,0,0,0,0
Northwood,91.3,16.9,11.2,27625,1931,1838,51,2,3,0,0,37
Norwalk,96.7,36.5,5.4,42061,9944,9746,0,53,7,0,77,61
Norway,92.9,14.9,5,33250,525,519,5,0,0,0,1,0
Numa,72.7,7.3,11.8,27083,69,69,0,0,0,0,0,0
Oakland,92.6,24.1,2.8,35313,1544,1500,1,0,2,0,21,20
Oakland Acres,100,44.6,2.6,48750,116,115,0,0,1,0,0,0
Oakville,85.1,3.2,3.6,22292,157,153,4,0,0,0,0,0
Ocheyedan,94.4,15.1,7.5,26827,508,498,6,0,0,0,0,4
Odebolt,89.8,21.6,2.8,31250,1016,1016,0,0,0,0,0,0
Oelwein,85.8,14.9,4,25000,6195,5930,19,76,21,0,33,116
Ogden,93.1,19,6.5,29531,2069,2028,0,0,0,0,9,32
Okoboji,99.2,48.6,5.5,28500,814,775,0,0,23,0,0,16
Olds,93.2,19.7,5.9,35000,197,191,0,0,0,0,0,6
Olin,87.2,3.2,1.1,26389,721,694,0,0,7,0,0,20
Ollie,88.6,6.7,10.8,25250,189,188,0,0,0,0,0,1
Onawa,90.6,15,6.4,25235,2906,2723,46,110,0,0,0,27
Onslow,94.9,10.1,5.3,25972,219,204,6,0,4,0,0,5
Orange City,95,37.6,1.7,21698,6153,5624,40,1,138,0,320,30
Orchard,88.4,4.7,0,35625,50,46,0,0,4,0,0,0
Orient,96.1,12.7,1.9,30882,426,418,0,0,0,0,0,8
Orleans,98.8,37.4,1.3,33229,459,457,0,2,0,0,0,0
Osage,95.3,18.3,3.7,28225,3631,3534,5,26,0,0,6,60
Osceola,87.2,17.2,5.5,28269,4992,4633,4,0,61,0,139,155
Oskaloosa,91.2,24.9,7.3,26210,11538,10904,227,8,224,0,70,105
Ossian,93.2,17,1.5,30771,962,949,0,0,0,0,5,8
Osterdock,90.7,7,0,28750,54,54,0,0,0,0,0,0
Otho,89.2,8.8,6.2,28611,493,487,0,0,0,0,3,3
Oto,77.8,7.9,13.6,,111,103,0,0,0,0,0,8
Otranto,100,0,,,8,8,0,0,0,0,0,0
Ottosen,84,6,0,21250,63,53,0,4,0,0,0,6
Ottumwa,83.9,16.5,7.4,25827,24709,21712,781,19,313,70,1434,380
Owasa,100,15,0,24375,54,54,0,0,0,0,0,0
Oxford,90.5,23.6,2.5,36250,874,831,10,0,20,0,0,13
Oxford Junction,87.8,3.7,9.8,26875,411,400,0,0,0,0,11,0
Oyens,100,7.7,2.1,40938,88,88,0,0,0,0,0,0
Pacific Junction,76.5,6.3,3.4,25417,407,384,19,4,0,0,0,0
Packwood,82.6,12.1,1.9,28929,316,305,0,0,0,0,0,11
Palmer,80.4,5.4,0,25000,156,147,9,0,0,0,0,0
Palo,95.9,20.2,2.7,40558,1036,998,15,0,0,0,0,23
Panama,89.9,10.1,1.7,42292,201,199,0,0,0,0,0,2
Panora,87.1,21.1,0.7,30104,1097,1092,0,0,5,0,0,0
Panorama Park,86.7,6.7,2.7,36000,85,83,0,0,2,0,0,0
Parkersburg,92.8,21.7,3.3,31810,2019,1981,0,15,0,0,11,12
Park View,96.8,28.8,11.2,27100,2718,2676,0,0,0,0,0,42
Parnell,93.2,6.1,1.4,33906,206,199,0,4,0,0,0,3
Paton,94.9,13.5,3.1,29625,245,244,0,0,0,0,0,1
Patterson,95.9,5.8,7.2,28750,175,175,0,0,0,0,0,0
Paullina,90.2,17.8,1.4,29301,1034,1015,0,6,0,2,10,1
Pella,90.8,36.3,3.3,23300,10280,9639,98,0,270,0,158,115
Peosta,95.4,32,2.8,36406,1881,1711,95,1,6,0,0,68
Percival,100,14.3,0,36429,102,102,0,0,0,0,0,0
Perry,77.8,13.3,2.4,25372,7876,6839,171,9,104,0,558,195
Persia,92.5,8,4.8,26389,257,257,0,0,0,0,0,0
Peterson,88.5,18.1,2.6,29306,300,295,0,0,3,0,0,2
Pierson,92.3,14.7,5.6,30606,449,417,0,13,0,0,0,19
Pilot Mound,84.3,3.7,4,22292,161,161,0,0,0,0,0,0
Pioneer,100,50,0,,8,8,0,0,0,0,0,0
Pisgah,84.8,4.2,7.3,31364,248,241,0,7,0,0,0,0
Plainfield,95.8,13.7,4.6,31736,505,500,0,0,0,0,0,5
Plano,90.9,4.5,6.7,,59,59,0,0,0,0,0,0
Pleasant Hill,91.5,34.9,2,38602,9406,8637,312,25,181,8,102,141
Pleasanton,87.5,12.5,8.3,23125,20,20,0,0,0,0,0,0
Pleasant Plain,82.6,13,0,22250,56,56,0,0,0,0,0,0
Pleasantville,93.4,16.7,2.6,31065,1762,1667,0,0,41,0,4,50
Plover,100,4.3,5.4,30682,55,55,0,0,0,0,0,0
Plymouth,91.5,12.3,2,30921,344,338,1,0,3,0,0,2
Pocahontas,94.7,15.7,3.9,30417,1789,1741,38,0,0,0,0,10
Polk City,98.1,39.7,0.9,49960,4115,4038,0,0,13,0,5,59
Pomeroy,91.3,16.8,2.7,20875,729,687,27,5,0,0,0,10
Popejoy,100,12.9,0,27083,48,48,0,0,0,0,0,0
Portland,100,0,,,27,27,0,0,0,0,0,0
Portsmouth,92.4,7.6,3.1,31875,162,158,2,0,0,0,0,2
Postville,67.6,12.4,5.4,25229,2281,1954,172,27,17,0,41,70
Prairieburg,82.3,0,12.9,25625,184,184,0,0,0,0,0,0
Prairie City,94.1,22.2,2.5,36050,1973,1931,9,0,3,0,2,28
Prescott,95.4,10.6,4.1,26607,250,222,0,0,11,0,0,17
Preston,90.4,13.9,1.4,29219,1037,1029,0,2,0,0,0,6
Primghar,89.7,17.6,2.5,34946,973,858,10,0,7,0,93,5
Princeton,93,24.3,4.4,40237,1100,1027,0,0,0,0,5,68
Promise City,90,6.3,4.5,30795,98,98,0,0,0,0,0,0
Protivin,88.3,11.7,9.8,26250,256,250,3,0,3,0,0,0
Pulaski,87.9,14.5,3.6,34125,289,287,0,0,0,0,0,2
Quasqueton,95,10.2,6.5,29896,483,481,2,0,0,0,0,0
Quimby,81.3,5.6,5.8,26458,392,392,0,0,0,0,0,0
Radcliffe,88.1,19.8,2.5,30417,604,579,0,0,0,0,25,0
Rake,82.6,15.2,2.6,16607,184,148,0,9,0,0,9,18
Ralston,90.6,3.8,5.6,34375,78,77,0,0,0,0,0,1
Randalia,91.8,4.1,2.6,26000,60,58,0,0,0,0,2,0
Randall,92.4,24.4,4.3,32375,188,158,0,0,0,0,20,10
Randolph,90.2,8.9,7.2,22083,190,169,18,0,0,0,0,3
Rathbun,98.6,18.8,0,21458,81,81,0,0,0,0,0,0
Raymond,95.7,20.1,3.1,36736,829,799,0,0,0,0,0,30
Readlyn,93.5,21.2,1.8,35804,843,843,0,0,0,0,0,0
Reasnor,91.4,16.2,0,23125,175,171,0,0,0,0,0,4
Redding,84.4,4.4,34.5,30625,59,59,0,0,0,0,0,0
Redfield,90.3,8.2,4.4,29766,680,620,13,2,0,0,12,33
Red Oak,86.8,12.8,12.3,26322,5547,5177,0,0,0,0,152,218
Reinbeck,96.9,24.1,7.9,36228,1765,1750,0,0,7,0,0,8
Rembrandt,83.5,12.6,1,31389,161,149,3,0,0,0,9,0
Remsen,92.8,12.7,3.3,31179,1824,1808,0,0,0,0,0,16
Renwick,90.6,10.3,4.2,31719,267,251,4,3,1,0,0,8
Rhodes,96.3,11.1,9.9,28125,257,247,2,0,0,0,6,2
Riceville,92.5,14.3,10.5,30263,834,792,0,0,0,0,0,42
Richland,93.3,16.4,2.7,31875,651,651,0,0,0,0,0,0
Rickardsville,92.3,17.1,3.5,30750,163,163,0,0,0,0,0,0
Ricketts,89.3,5.3,12.8,23125,124,121,0,0,0,3,0,0
Ridgeway,95,11.4,3.8,27917,285,274,0,0,6,0,0,5
Rinard,89.5,26.3,0,31250,54,52,0,0,0,0,0,2
Ringsted,95.9,12.6,8.9,30962,479,473,0,0,0,0,0,6
Rippey,84.4,6.4,4.4,23125,207,203,2,0,0,0,0,2
Riverdale,95.2,29.2,4.1,36023,481,471,2,4,0,0,0,4
Riverside,94.1,17.3,4,30821,1054,1036,3,0,0,0,0,15
River Sioux,59.2,0,0,,82,82,0,0,0,0,0,0
Riverton,90.7,7.1,2.2,35417,260,260,0,0,0,0,0,0
Robins,98.2,52.9,2.6,50770,3434,3151,73,0,184,0,4,22
Rochester,100,0,0,,36,36,0,0,0,0,0,0
Rock Falls,97.3,10,0,27188,150,146,0,0,3,0,1,0
Rockford,93.4,21.5,6.8,31140,760,749,7,0,0,0,4,0
Rock Rapids,90.8,28,1.8,32421,2569,2562,4,0,2,0,1,0
Rock Valley,89,19.8,3.6,26688,3623,3553,21,0,13,0,23,13
Rockwell,92.5,11.8,3.1,33281,1100,1062,32,0,0,0,0,6
Rockwell City,91.3,13,1.6,16436,2212,2031,103,19,9,0,7,43
Rodman,97.1,5.7,0,23750,39,39,0,0,0,0,0,0
Rodney,62.5,2.1,0,,58,53,0,0,0,0,1,4
Roland,98,38.3,0.7,44612,1312,1281,0,4,0,0,0,27
Rolfe,82.4,15.2,3.5,26094,572,535,0,0,0,0,30,7
Rome,78.6,6.1,3.8,28281,164,156,8,0,0,0,0,0
Rose Hill,74.2,12.5,2.5,28000,160,150,0,0,0,0,0,10
Roseville,,,,,0,0,0,0,0,0,0,0
Rossie,100,14.3,5.9,40000,50,50,0,0,0,0,0,0
Rowan,91,10.1,14,28750,143,141,0,0,0,0,1,1
Rowley,96.9,9.9,2,31786,285,283,2,0,0,0,0,0
Royal,92.8,13.7,7.2,30400,415,396,0,1,0,7,0,11
Rudd,92.2,10.8,8.8,27011,366,350,7,0,0,0,0,9
Runnells,97.5,10.1,4.5,40231,514,499,5,1,1,0,0,8
Russell,90.1,10.9,9.3,22174,516,489,0,27,0,0,0,0
Ruthven,90.6,17.7,2.7,27266,730,709,0,0,6,0,0,15
Rutland,93.8,2.5,2.2,32083,111,109,0,0,0,0,0,2
Ryan,90.5,14.5,1.5,35455,364,360,0,0,0,0,0,4
Sabula,96.2,6.7,3.2,27228,448,447,1,0,0,0,0,0
Sac City,92.7,18.9,5.4,26389,2185,2111,6,0,0,0,2,66
Sageville,93.8,14.1,2.3,,71,69,0,2,0,0,0,0
St. Ansgar,93.9,22.4,1.2,32270,1087,1068,0,0,19,0,0,0
St. Anthony,92.1,7.9,8.2,28125,115,101,3,0,0,0,0,11
St. Benedict,100,20,0,,14,14,0,0,0,0,0,0
St. Charles,96.2,20.3,0.7,37386,765,741,20,0,3,0,0,1
St. Donatus,95.5,10.8,0,24917,139,138,0,0,0,0,0,1
St. Joseph,100,11.1,0,20208,121,121,0,0,0,0,0,0
St. Lucas,85.2,23.4,13.7,26563,163,163,0,0,0,0,0,0
St. Marys,98.8,28,0,36250,210,210,0,0,0,0,0,0
St. Olaf,93.3,12,0,24688,138,136,0,0,2,0,0,0
St. Paul,95.9,14.9,0,29250,100,100,0,0,0,0,0,0
Salem,86.8,6.8,13.5,30893,551,531,0,0,5,0,0,15
Salix,95.2,16.2,1.8,27216,402,401,0,0,1,0,0,0
Sanborn,89.5,16.1,3.8,30848,1405,1354,0,0,0,0,33,18
Sandyville,84.8,28.3,17.5,30139,74,65,0,0,0,0,0,9
Saylorville,97,26.5,10.9,27674,3445,3445,0,0,0,0,0,0
Scarville,92,18,0,26000,66,65,0,0,0,1,0,0
Schaller,85.8,16.9,3.9,26641,795,744,0,0,0,4,40,7
Schleswig,92,11,7.3,29750,806,730,1,10,16,0,4,45
Scranton,90.4,9.8,14.4,22950,565,565,0,0,0,0,0,0
Searsboro,86.1,12,12.4,15781,184,169,0,2,0,0,0,13
Sergeant Bluff,94.1,40.8,1.5,33036,4399,4019,2,10,130,0,0,238
Sexton,100,31.8,0,,38,38,0,0,0,0,0,0
Seymour,84.4,10.1,7.8,24702,656,637,12,0,0,0,0,7
Shambaugh,92.5,5.2,12.8,25938,196,195,0,0,0,0,0,1
Shannon City,97.7,9.1,0,28542,54,54,0,0,0,0,0,0
Sharpsburg,98.6,4.2,3.4,27361,113,112,0,0,0,0,0,1
Sheffield,91.8,17.5,5.7,31210,1283,1265,0,0,4,0,4,10
Shelby,93.3,13.8,3.7,28654,654,648,0,0,4,0,0,2
Sheldahl,93.8,19.1,4.7,31750,249,243,3,0,0,0,0,3
Sheldon,92.5,27.6,2.8,27467,5015,4633,21,0,77,0,222,62
Shell Rock,94.4,13.8,4.4,26549,1254,1246,0,0,0,0,0,8
Shellsburg,95.5,14.6,1.8,35912,1097,1082,15,0,0,0,0,0
Shenandoah,83.3,22.1,2.2,29452,5030,4694,73,17,141,0,10,95
Sherrill,87.1,7.7,1.4,31136,219,219,0,0,0,0,0,0
Shueyville,97.3,46.9,1.6,56875,570,471,0,0,77,0,0,22
Sibley,84.6,20.3,3,26414,2667,2493,6,0,21,0,111,36
Sidney,88.2,15.7,4.7,26210,995,891,6,3,0,0,83,12
Sigourney,91.8,21.2,5.1,31995,2105,1984,1,7,34,7,29,43
Silver City,82.5,19.9,10,41563,224,218,0,0,1,0,5,0
Sioux Center,87.4,36.5,0.4,23226,7370,6662,41,29,59,0,509,70
Sioux City,83.8,20.9,5.5,26599,82666,69363,3119,1373,2612,133,3370,2696
Sioux Rapids,91.4,15.7,2,30129,729,721,2,0,0,0,2,4
Slater,98.4,39.1,1,38707,1617,1603,0,7,0,0,0,7
Sloan,96,25.3,3.2,31449,1192,1104,0,77,0,0,0,11
Smithland,93.8,7,2.1,20769,185,184,0,0,1,0,0,0
Soldier,93.1,16.2,10.3,25865,187,170,0,0,0,0,11,6
Solon,98,43.8,3.5,40275,2399,2278,0,0,0,0,65,56
Somers,95.3,10.6,9.5,30750,139,121,0,0,2,0,2,14
South Amana,100,6.7,32.7,14457,105,105,0,0,0,0,0,0
South English,89.4,12.7,10.6,27000,299,274,0,0,0,0,2,23
Spencer,93.4,21.5,3.6,30011,11172,10617,47,4,0,0,192,312
Spillville,81.4,17.6,3.3,28750,433,432,0,1,0,0,0,0
Spirit Lake,95.5,29.2,2.9,31108,4992,4831,14,16,22,0,12,97
Spragueville,75.4,5.3,6.7,23000,107,107,0,0,0,0,0,0
Springbrook,94.6,7.6,0,32500,137,133,1,0,0,0,0,3
Spring Hill,80.6,13.9,0,38750,60,52,0,0,0,0,0,8
Springville,94.9,16.1,6.5,35781,1070,1070,0,0,0,0,0,0
Stacyville,85.1,6.1,1.3,25875,503,498,0,0,0,0,0,5
Stanhope,91.6,16.8,5.7,32292,406,386,0,0,2,0,0,18
Stanley,91.3,11.6,5.4,32500,114,99,0,8,0,0,0,7
Stanton,91.7,20,3.1,34236,685,681,0,0,0,0,0,4
Stanwood,89.9,15.1,3.3,28611,562,554,0,1,3,0,0,4
State Center,93.2,19.3,3.8,31375,1337,1271,0,4,4,0,58,0
Steamboat Rock,96.6,11.6,3.8,35357,312,312,0,0,0,0,0,0
Stockport,91.3,8.1,4.3,19286,250,244,0,0,0,0,0,6
Stockton,92.6,7.4,7.6,25000,235,211,0,24,0,0,0,0
Stone City,88.2,11.8,0,40833,288,288,0,0,0,0,0,0
Storm Lake,65.6,15.4,5.8,21889,10768,7195,544,0,1638,223,962,206
Story City,91.5,29.3,3.1,32119,3423,3128,51,75,13,0,11,145
Stout,91.2,20.2,5.6,35000,162,162,0,0,0,0,0,0
Stratford,89.7,14.7,6.8,31250,645,641,0,0,4,0,0,0
Strawberry Point,90.8,11.1,4.6,31389,1357,1353,2,0,0,0,0,2
Struble,95.7,4.3,9.2,27250,111,111,0,0,0,0,0,0
Stuart,91.7,15.6,3.8,27108,1528,1521,2,0,0,0,0,5
Sully,93.9,15.3,1.9,30071,843,781,22,0,0,0,0,40
Sumner,94.7,20.3,4.4,30045,2205,2178,0,17,0,0,0,10
Sun Valley Lake,100,40.3,5,70250,224,224,0,0,0,0,0,0
Superior,87.6,3.1,4.2,27361,168,165,0,1,0,0,0,2
Sutherland,92.6,12,2.6,27000,595,586,4,0,0,3,0,2
Swaledale,96.1,3.1,11.2,23472,181,146,0,0,0,0,0,35
Swan,90.2,7.3,3.6,23125,69,68,0,0,0,0,1,0
Swea City,88.2,14.9,1,24844,559,511,0,19,0,0,16,13
Swisher,99,38,2,46174,846,825,0,4,4,0,0,13
Tabor,88.3,20.1,2.5,33242,1230,1206,11,6,3,0,0,4
Tama,84.1,13.2,6.1,28690,2832,2397,14,143,23,0,129,126
Templeton,87.7,13.8,3.6,29821,384,383,1,0,0,0,0,0
Tennant,91.1,17.9,0,26071,73,73,0,0,0,0,0,0
Terril,87.2,20.7,5,25917,379,366,2,4,1,0,0,6
Thayer,94.9,5.1,5.6,30625,60,60,0,0,0,0,0,0
Thompson,84.7,6.9,3.7,25750,466,448,0,0,9,0,6,3
Thor,90,10,1.2,28214,183,174,0,0,0,0,0,9
Thornburg,91.5,14.9,2.3,31250,75,75,0,0,0,0,0,0
Thornton,92.7,16.8,5,27188,482,466,5,0,1,0,3,7
Thurman,85,8.3,0,34464,191,191,0,0,0,0,0,0
Tiffin,96.7,30.5,1.5,41580,2530,2221,43,0,31,0,129,106
Tingley,98.4,10.3,11.5,30625,177,167,0,6,0,0,0,4
Tipton,91.9,15.2,6.8,31250,3201,3065,35,5,96,0,0,0
Titonka,90,11.9,5.1,25288,500,495,0,0,0,0,0,5
Toeterville,100,45.2,0,31250,36,36,0,0,0,0,0,0
Toledo,81,11.4,6.6,26973,2258,2136,26,22,6,6,31,31
Toronto,88.6,0,0,22361,120,118,0,0,0,0,0,2
Traer,92.2,20.2,5,31740,1736,1705,0,0,6,3,3,19
Treynor,98.2,35.9,0.4,37500,957,952,0,0,0,0,0,5
Tripoli,87.3,12.1,2.1,30732,1316,1270,0,0,0,39,0,7
Truesdale,80,2.1,5,21304,125,125,0,0,0,0,0,0
Truro,92.2,9.4,6.7,26875,456,425,15,2,0,0,3,11
Turin,91.1,17.9,0,28750,80,74,0,0,0,0,0,6
Twin Lakes,100,49.5,0,61071,186,186,0,0,0,0,0,0
Udell,90.9,9.1,0,35000,37,37,0,0,0,0,0,0
Underwood,96.6,32.7,1.4,41700,808,792,0,0,0,0,0,16
Union,92.6,15.7,5.2,29063,487,437,0,2,3,0,12,33
Unionville,94.4,7,9.1,40417,78,76,0,0,0,0,0,2
University Heights,100,81.4,3.2,27432,1255,1067,70,0,33,0,0,85
University Park,89.6,18.6,6.6,23750,558,454,44,3,0,0,15,42
Urbana,93.6,22.4,2,44048,1444,1408,30,2,0,0,0,4
Urbandale,96.6,49.5,4,45947,41578,37296,1574,20,1436,107,175,970
Ute,84.7,8,6.7,29688,382,380,0,0,0,0,0,2
Vail,81,5.2,4.2,32500,478,439,2,0,2,0,32,3
Valeria,93.8,12.5,12.5,10833,46,45,0,0,1,0,0,0
Van Horne,95.5,20.1,5.3,31731,782,700,0,2,5,0,19,56
Van Meter,96.1,32.7,1.4,36771,1256,1247,0,0,2,0,0,7
Van Wert,72,7,2,23438,190,184,0,3,0,0,0,3
Varina,76.4,9.1,0,18750,96,96,0,0,0,0,0,0
Ventura,98.6,31.7,2.2,35223,737,732,0,0,5,0,0,0
Victor,91.8,12.3,3.4,30881,1026,1021,2,3,0,0,0,0
Villisca,88.9,10.8,7.3,23516,1255,1207,0,24,0,0,15,9
Vincent,84.6,13.5,0,32321,130,117,0,0,0,0,13,0
Vining,94.9,11.9,0,34167,73,73,0,0,0,0,0,0
Vinton,94.5,27.5,2.9,30503,5166,5119,25,0,21,0,0,1
Volga,91.9,15.4,9.4,22969,194,194,0,0,0,0,0,0
Wadena,90.9,13.7,10.5,27500,279,272,0,0,2,0,0,5
Wahpeton,97,41.8,2.6,32188,394,356,0,0,0,0,36,2
Walcott,92.3,24.2,4.8,31653,1450,1421,9,0,16,0,0,4
Walford,98.6,33.5,2.3,48152,1428,1393,5,0,6,0,15,9
Walker,93.1,10.9,2.5,35742,841,841,0,0,0,0,0,0
Wallingford,91.6,9.1,2.6,26346,180,167,1,0,0,0,11,1
Wall Lake,90.5,15.8,3.1,30809,777,777,0,0,0,0,0,0
Walnut,91.4,15.3,5,27067,706,687,0,0,6,0,2,11
Wapello,87.7,12.3,5.6,28368,1922,1868,8,0,4,0,36,6
Washburn,89.9,15,11.7,27778,888,888,0,0,0,0,0,0
Washington,91.5,17.8,6.7,23673,7368,6841,145,46,58,11,153,114
Washta,86.2,17.4,8.5,22500,197,188,0,0,6,0,0,3
Waterloo,87.5,22,8.3,29201,68357,52104,10744,270,1346,254,1670,1969
Waterville,93.5,12.9,4.6,22000,117,114,0,0,0,0,3,0
Watkins,88.6,0,0,51125,115,115,0,0,0,0,0,0
Waucoma,87.6,9.3,8.6,30313,233,220,4,0,0,0,3,6
Waukee,98.2,53.1,1,44655,16955,15517,246,0,452,28,112,600
Waukon,85.1,17.6,5.9,25617,3786,3670,0,0,0,0,20,96
Waverly,95.6,37,3.3,22270,10049,9377,233,32,153,0,94,160
Wayland,88.1,19.2,4.1,31037,1027,985,0,17,14,0,3,8
Webb,87.3,13.6,1.1,31923,186,170,0,0,0,0,16,0
Webster,85.6,4.4,8,23750,128,128,0,0,0,0,0,0
Webster City,90.2,19.7,3.1,30928,7825,7155,46,0,342,0,269,13
Weldon,92,14.6,5.2,29028,181,180,0,0,0,0,0,1
Wellman,92.4,17.2,1.1,33606,1365,1285,20,0,8,0,5,47
Wellsburg,92.8,20.2,4.8,31875,929,903,0,0,3,0,0,23
Welton,94.6,6.3,1.2,30000,151,148,0,0,0,0,0,3
Wesley,88.9,11.6,2.2,33750,333,321,4,0,1,0,0,7
West Amana,100,62,0,19183,212,212,0,0,0,0,0,0
West Bend,93.1,16,1.1,29306,851,813,3,0,1,0,12,22
West Branch,96.2,31.6,3.6,35830,2581,2471,0,0,11,0,44,55
West Burlington,90.9,13.5,4.5,20331,2978,2733,83,0,37,0,0,125
West Chester,82.2,6.8,15.6,21000,91,84,3,3,0,0,0,1
West Des Moines,96.2,54.9,2.7,42796,61624,53262,2301,73,4061,51,693,1183
Westfield,79.8,12.5,4.9,30000,159,143,0,0,0,0,14,2
Westgate,96.6,8.8,2.6,31875,187,187,0,0,0,0,0,0
West Liberty,75.3,13.8,6.4,30628,3737,3074,0,0,114,12,345,192
West Okoboji,95.5,38.4,2.2,32917,314,312,2,0,0,0,0,0
Weston,70.5,18.8,0,31607,139,139,0,0,0,0,0,0
Westphalia,92.9,7.1,23.2,32125,130,130,0,0,0,0,0,0
West Point,95.5,15.1,7.5,31483,1020,997,0,0,0,0,0,23
Westside,93.9,17.4,3.4,32375,329,327,0,0,0,0,0,2
West Union,92.5,26,6.2,26134,2592,2413,116,20,37,0,0,6
Westwood,100,58.2,0,46250,96,94,0,2,0,0,0,0
What Cheer,83.3,5.2,7.4,21875,729,725,0,0,0,0,4,0
Wheatland,89.1,10.2,6.7,30833,712,688,0,0,4,0,0,20
Whiting,92.9,24.1,3.3,27578,943,936,4,0,0,0,0,3
Whittemore,97.7,12.3,2,31333,504,485,12,5,0,0,2,0
Whitten,83.2,0,6.2,21875,173,173,0,0,0,0,0,0
Willey,94.2,15.9,3.9,31250,130,130,0,0,0,0,0,0
Williams,95.2,15.4,3.7,31579,468,395,5,0,3,0,11,54
Williamsburg,91.1,21.3,0,31189,3144,3095,0,0,0,0,0,49
Williamson,93.8,2.5,2.6,37188,113,113,0,0,0,0,0,0
Wilton,94.9,25.5,3.7,35409,2808,2771,7,0,0,0,4,26
Windsor Heights,94.5,47,6.4,37525,4980,4319,26,0,189,0,249,197
Winfield,90.5,20.2,3.6,28259,1068,1040,0,0,8,0,5,15
Winterset,91.5,16.3,7.6,31022,5158,4979,1,0,146,0,26,6
Winthrop,95.6,17.7,3.4,35700,915,861,0,0,15,0,0,39
Wiota,88.5,6.4,3.4,28750,86,83,0,0,0,0,0,3
Woden,84.7,10.8,4,25000,281,217,19,4,0,0,5,36
Woodbine,90.4,21.4,5.1,30114,1645,1598,0,15,0,0,8,24
Woodburn,91,12.4,4.5,29531,230,224,0,0,6,0,0,0
Woodward,77.9,9.2,4,33347,1621,1524,43,0,0,0,7,47
Woolstock,92.9,6.3,0,31000,163,161,0,2,0,0,0,0
Worthington,86.1,17.2,2.4,32083,420,418,0,0,0,0,0,2
Wyoming,88.3,12.1,6.2,30388,403,390,0,0,0,0,0,13
Yale,89.8,14,7,32778,287,284,0,0,0,0,0,3
Yetter,81.3,0,10,6875,22,22,0,0,0,0,0,0
Yorktown,95.3,27.9,24.1,28929,59,59,0,0,0,0,0,0
Zearing,89.6,19.4,5.2,30417,563,551,0,0,5,0,4,3
Zwingle,83.6,7.5,0,38125,104,97,0,0,0,0,0,7
