zipcode,high.school,bachelor,unemployment,income,population,pop.white,pop.black,pop.indian,pop.asian,pop.hawai,pop.other,pop.multi
50001,91.9,18.3,7.6,40132,575,566,0,0,0,0,0,9
50002,96.5,17.1,5.5,32938,1364,1339,4,1,4,0,3,13
50003,95,38.8,2.5,41809,6893,6728,32,22,16,0,0,95
50005,89.7,19,4.9,31528,1007,929,0,0,0,0,4,74
50006,91.1,15.2,3.2,31989,1524,1480,0,0,0,0,41,3
50007,97,31.7,1.3,41591,595,588,0,0,0,0,3,4
50008,94,11.6,1.3,21875,978,939,11,7,0,0,0,21
50009,94.5,30.8,4.2,40354,18600,17684,122,13,334,0,7,440
50010,97.1,59.4,4.6,23481,32111,25853,1214,101,3732,29,100,1082
50011,,,21.9,2978,1587,1525,20,0,0,0,0,42
50012,100,0,19.7,3175,4743,4420,122,0,120,0,47,34
50014,97.3,65.7,5.1,11995,29725,25335,658,22,2513,11,143,1043
50020,93.5,14.3,5.4,28375,1198,1195,0,0,0,0,3,0
50021,97.8,47.1,3.2,40214,24993,23621,272,0,710,0,108,282
50022,89.1,21.6,2.2,27577,8148,7942,35,46,30,23,15,57
50023,97.4,44.4,3.9,40065,33001,31196,386,0,451,0,12,956
50025,89.1,13.4,2.2,27099,3107,2990,11,34,11,0,0,61
50026,95.2,20.3,5.3,35662,612,577,0,3,3,0,0,29
50027,82.7,8.8,14.9,25536,312,285,7,2,0,0,0,18
50028,93,19.3,5.1,37353,1499,1487,0,12,0,0,0,0
50029,90.6,16.1,4.3,25268,651,647,2,1,0,0,0,1
50032,86.5,12.5,53.4,35851,104,104,0,0,0,0,0,0
50033,90.5,0,3,28958,41,40,0,1,0,0,0,0
50034,98.1,14.7,3.8,25179,365,365,0,0,0,0,0,0
50035,94.3,35.2,1.3,43527,6562,6422,0,0,82,0,0,58
50036,96,22.5,4.1,31151,16251,15840,272,53,31,0,8,47
50038,100,0,66.7,34250,72,72,0,0,0,0,0,0
50039,98,10.6,4.8,26250,319,313,0,0,0,0,0,6
50041,83,0,0,23750,53,53,0,0,0,0,0,0
50042,93.3,11.3,0,28125,267,267,0,0,0,0,0,0
50044,89.9,8.1,5.3,25139,1088,1087,0,1,0,0,0,0
50046,96.2,36.3,2.6,41118,1401,1381,6,2,2,0,0,10
50047,97.2,29.7,2.8,38850,5931,5714,0,24,44,0,0,149
50048,92.9,11.6,2.7,30705,784,764,0,0,0,0,0,20
50049,91.9,17.5,5.1,28672,6604,6484,7,0,0,0,0,113
50050,93.8,16.9,3,33125,706,682,0,7,2,0,0,15
50051,91.1,2.9,23.7,26570,361,361,0,0,0,0,0,0
50052,91.4,21.6,3.3,34250,166,165,0,0,0,0,0,1
50054,95,18.9,9.6,33107,2908,2766,7,0,9,21,23,82
50055,95.8,10.9,1,31838,917,905,3,0,2,0,0,7
50056,93.4,24.4,3.5,32994,1459,1428,0,0,5,0,17,9
50057,90.6,26.8,0,20179,256,256,0,0,0,0,0,0
50058,93.1,19.4,3.1,31714,2107,2084,0,9,0,0,0,14
50060,89.1,14,3.4,30000,2512,2476,18,12,4,0,0,2
50061,98.5,51.9,1.5,60156,1599,1562,0,0,30,0,0,7
50062,91.1,19.6,13,27981,677,670,0,0,0,0,0,7
50063,97.6,30.5,2.3,37099,2734,2727,0,2,3,0,0,2
50064,91.9,14,4.2,21058,122,122,0,0,0,0,0,0
50065,89.4,22.8,9.2,23636,620,615,0,0,0,0,1,4
50066,98,27.5,3.2,27500,299,285,0,0,14,0,0,0
50067,80,6.5,1.7,29545,225,218,0,0,0,0,0,7
50068,84.5,11.6,3.6,,272,237,0,0,0,0,0,35
50069,92.6,21.8,6,32273,1151,1119,0,0,2,0,0,30
50070,92.2,23.1,5.9,36380,1567,1539,14,5,5,0,0,4
50071,92.3,15.5,5.5,26759,909,871,15,0,0,0,13,10
50072,95.3,28.4,1.7,37917,2468,2374,36,0,45,0,0,13
50073,95.4,22.1,5,38088,1120,1070,16,1,0,0,3,30
50074,95,24.3,4.2,30114,432,432,0,0,0,0,0,0
50075,89.6,29.7,0.9,31458,851,771,0,0,4,0,68,8
50076,89.1,10.1,4.9,27219,1591,1565,11,0,0,0,0,15
50078,85.2,1.7,5.7,21250,137,130,0,0,0,0,0,7
50101,98.4,41.9,0,30882,78,78,0,0,0,0,0,0
50102,100,25.3,0,46250,99,99,0,0,0,0,0,0
50103,91,21.6,4.7,24063,399,391,0,0,6,0,0,2
50104,97.2,16.9,14.7,24500,105,105,0,0,0,0,0,0
50105,98.9,44.1,3,40799,1219,1144,11,0,17,0,4,43
50106,91.4,20,6.3,35000,1065,1065,0,0,0,0,0,0
50107,92.2,12,10.6,26607,1116,1109,0,0,1,0,0,6
50108,86.7,12.7,3.6,31645,385,385,0,0,0,0,0,0
50109,95.6,37.6,2,46100,2826,2779,7,1,0,0,35,4
50111,98.1,48.8,3,47065,12346,11647,2,35,324,0,0,338
50112,92.8,28.6,4.1,21088,11532,10679,294,15,366,5,24,149
50115,89.4,13.9,3.2,27313,2791,2679,23,0,1,0,17,71
50116,89,7.2,3.5,29659,313,313,0,0,0,0,0,0
50117,85.1,28.4,0,40625,78,78,0,0,0,0,0,0
50118,94.5,12.6,7.3,38750,1027,961,19,0,0,0,0,47
50119,93,7.7,2.8,22303,518,518,0,0,0,0,0,0
50120,96.9,19.7,3,24375,318,317,0,0,1,0,0,0
50122,89.7,21.2,3.4,37083,1462,1442,8,0,9,0,0,3
50123,95.6,13.6,1.5,31689,688,677,0,2,0,0,0,9
50124,96,36,6.7,40875,3864,3800,19,0,45,0,0,0
50125,95.3,29.7,6.3,31014,19792,19086,84,36,105,51,66,364
50126,93.3,18.5,3.8,27194,6879,6550,129,26,21,0,76,77
50127,0,0,,,18,18,0,0,0,0,0,0
50128,86.9,16.4,9.9,27434,387,335,1,0,0,0,51,0
50129,92.1,20.6,4.6,26028,4933,4807,12,9,32,5,0,68
50130,95.7,29.3,0.6,40175,1661,1638,20,0,3,0,0,0
50131,96.7,56.8,3.9,55596,19683,18181,403,14,747,52,19,267
50132,95.3,10.9,6.3,24583,235,227,0,0,7,0,1,0
50133,83.9,3.6,2.4,24167,403,391,3,3,0,0,0,6
50134,96.7,34.2,1.4,35104,701,700,0,0,1,0,0,0
50135,92.9,12.9,4.9,30699,1770,1742,0,0,7,0,13,8
50136,95.1,9.9,12.9,26250,422,407,0,0,0,0,0,15
50138,92.7,17.2,4.5,32520,11324,10973,86,58,45,0,22,140
50139,94.3,13.6,6,36270,1535,1473,2,0,0,0,0,60
50140,85.7,31.5,5.7,11190,3191,2874,162,34,16,14,20,71
50141,92.9,17.4,4.9,31016,626,581,1,0,0,0,5,39
50142,95.7,16.2,2.6,31467,988,919,14,0,6,0,13,36
50143,94.3,36.7,2.3,31574,647,625,0,0,0,0,0,22
50144,87.5,14.9,7.2,24258,2703,2663,1,0,21,4,0,14
50146,84.5,5.8,5.6,26513,385,372,0,2,0,0,6,5
50147,87.4,9,8.9,33625,380,367,0,0,0,0,0,13
50148,95.3,17.2,2,29479,397,397,0,0,0,0,0,0
50149,86.2,3.2,8.6,26856,922,906,0,5,0,0,0,11
50150,93.9,6.3,14.6,31875,928,900,0,0,0,0,28,0
50151,89.5,10.3,3.2,25625,555,535,4,0,0,0,0,16
50153,91.1,9.2,2.1,38393,836,827,0,0,0,0,1,8
50154,92.1,15.1,0.5,31298,418,406,0,0,0,0,0,12
50155,88.7,12.2,3.1,17375,292,283,0,2,7,0,0,0
50156,94.1,24.7,2.6,39421,4268,4216,0,7,0,0,8,37
50157,95.2,10.7,2.5,25250,942,928,4,0,3,0,1,6
50158,81.8,20,6.2,28421,31273,24899,460,93,1238,15,3687,881
50160,93.2,9.7,7.2,31765,452,448,0,0,0,0,1,3
50161,96.8,28.2,3.6,40822,1738,1708,0,0,21,0,0,9
50162,96.4,18.5,3,31818,1297,1270,3,0,5,0,2,17
50163,96.9,17.5,5.5,32917,723,717,0,0,0,0,0,6
50164,94.7,25.9,4.5,39313,554,543,0,4,0,0,0,7
50165,100,22.2,0,32348,113,113,0,0,0,0,0,0
50166,97.6,19.9,5.4,41104,1630,1585,0,0,2,0,24,19
50167,92.2,14.8,5.2,36053,497,493,0,0,0,0,0,4
50168,95.7,20.6,0,37917,644,642,0,0,0,0,0,2
50169,91.7,18.8,8,30664,3259,3011,162,31,8,0,0,47
50170,92.8,20.5,6.1,35527,2623,2588,0,0,7,0,0,28
50171,94,18,5.2,32981,2753,2695,29,0,5,0,0,24
50173,90.5,17.8,4.2,36250,820,587,0,214,0,0,0,19
50174,95,9,4.4,30338,1403,1382,4,0,0,0,0,17
50201,94.5,27.8,4.1,36109,8432,8178,49,0,49,0,6,150
50206,93.8,34.3,6,34375,558,553,0,0,0,0,0,5
50207,94,19.8,4.5,31555,2466,2425,0,12,3,0,0,26
50208,91.9,16.5,5.3,28074,20545,19423,507,59,162,0,35,359
50210,91.8,16.8,2.3,40401,1633,1607,0,0,3,0,0,23
50211,95.9,36,5,42163,12282,11976,12,53,64,0,105,72
50212,94.2,21.4,6.1,30108,3194,3041,0,0,0,0,9,144
50213,88.7,16.7,4.5,30221,6877,6399,23,0,72,0,228,155
50214,97.8,35.6,0,45344,874,874,0,0,0,0,0,0
50216,95.1,33.8,1.7,36886,2548,2525,0,18,5,0,0,0
50217,97.2,17.1,6.7,29063,612,606,0,0,5,0,0,1
50218,95.4,3.7,8.2,25938,155,155,0,0,0,0,0,0
50219,92.7,39.5,2.7,27224,13802,12941,122,23,270,0,158,288
50220,80.4,14.3,2.4,26177,9140,8103,171,9,104,0,558,195
50222,96.7,19.9,1.7,30208,553,529,0,0,0,0,0,24
50223,90.9,12.7,1.5,31818,542,542,0,0,0,0,0,0
50225,93.1,17.3,2.5,35931,2895,2776,0,12,41,0,4,62
50226,98.6,44.8,2.2,52459,5919,5842,0,0,13,0,5,59
50227,100,12,0,31667,32,32,0,0,0,0,0,0
50228,94.2,26.9,1.9,35200,2673,2611,9,0,3,20,2,28
50229,99.1,27.8,0.2,49038,755,741,0,0,3,0,0,11
50230,91.4,23.9,2.8,35417,1059,1034,0,0,0,0,25,0
50231,92.4,24.4,4.3,32375,188,158,0,0,0,0,20,10
50232,87.5,27.5,0,33250,474,470,0,0,0,0,0,4
50233,93.7,19,3.9,32557,1355,1295,13,2,0,0,12,33
50234,92.5,23.7,5.4,35724,588,578,2,0,0,0,6,2
50235,89,19.2,5.1,30125,384,378,2,0,2,0,0,2
50236,98,38.8,0.6,43060,1606,1575,0,4,0,0,0,27
50237,96.2,20,4.7,40100,3413,3352,5,13,1,0,0,42
50238,92.1,15,5.9,30625,1303,1252,0,27,0,0,0,24
50239,95.3,4.7,4.8,40446,159,145,3,0,0,0,0,11
50240,96.7,25.6,5.8,36437,2875,2835,20,0,3,0,0,17
50242,95,16.6,4,21641,520,505,0,2,0,0,0,13
50243,91.8,16.4,2.8,37083,187,181,3,0,0,0,0,3
50244,98.2,37.7,1.2,37135,1923,1909,0,7,0,0,0,7
50246,95.1,17.1,5.5,37100,667,612,0,0,2,0,0,53
50247,92.9,21,2.3,32117,2199,2097,28,4,8,0,62,0
50248,92.8,33.7,3.3,35898,4506,4172,51,75,13,0,11,184
50249,92.4,18.4,4.9,33190,1154,1146,0,0,4,0,0,4
50250,93.2,15.1,2.5,31412,2349,2342,2,0,0,0,0,5
50251,93.7,14.7,3.7,29091,1322,1212,27,0,0,0,0,83
50252,97.7,32.8,0.8,56898,280,279,0,0,0,0,1,0
50254,91.2,15.7,7,24250,286,278,0,0,8,0,0,0
50255,91.5,14.9,2.3,31250,75,75,0,0,0,0,0,0
50256,97,12.4,8.3,41550,528,528,0,0,0,0,0,0
50257,92.5,13.4,3.2,31569,1037,992,29,2,0,0,3,11
50258,94.2,17,2.9,31012,1023,973,0,2,3,0,12,33
50261,96.9,36.4,1.2,39846,2487,2443,0,0,15,18,0,11
50262,86.9,18,0.9,29659,442,429,0,3,0,0,0,10
50263,98.6,55.5,1.1,45445,20205,18361,261,0,789,28,112,654
50264,94.8,12.8,2.6,31719,486,474,0,0,0,0,0,12
50265,96.1,48.9,2.9,39231,31754,27754,1392,51,1642,0,243,672
50266,96.2,61.1,2.7,47232,27651,23680,909,22,2082,51,450,457
50268,87.8,7.2,5.1,26750,990,984,0,0,0,0,4,2
50271,96.2,16.7,2.8,32143,646,573,5,0,3,0,11,54
50272,93.8,2.5,2.6,37188,113,113,0,0,0,0,0,0
50273,93.6,23.4,6,35779,8342,8141,1,0,146,0,26,28
50274,96.4,15.3,1.2,27417,343,340,0,0,0,0,0,3
50275,95.1,13.9,10.1,28438,576,570,0,0,6,0,0,0
50276,86.2,20,3.3,35750,3151,2796,98,0,0,0,7,250
50277,93.4,22.2,3.4,35686,475,472,0,0,0,0,0,3
50278,92.4,20.2,3.9,33920,801,789,0,0,5,0,4,3
50309,84.7,40.7,3.2,29915,5912,3889,821,10,821,96,90,185
50310,90.8,34.2,4.4,32349,32300,24933,3559,211,2372,41,186,998
50311,90,42.3,7.6,20477,15460,11728,1606,202,642,2,610,670
50312,95.2,55.2,3.4,38275,15713,14081,632,1,575,0,40,384
50313,83.9,15,8.6,26832,18300,15337,1438,30,655,0,375,465
50314,78.7,18.8,12.8,21547,12102,6087,3434,55,1149,0,792,585
50315,88.6,16.4,7.4,29366,35577,29867,2880,243,1221,0,691,675
50316,75.8,11.6,10,23177,17443,11449,3081,10,1258,14,687,944
50317,86.1,12.6,9,28282,37148,31838,2254,114,764,46,881,1251
50319,,,,,0,0,0,0,0,0,0,0
50320,87.7,20.3,5.3,29962,21603,15565,2669,77,1770,0,845,677
50321,90.9,34,5.7,30429,9007,6925,1398,33,265,0,92,294
50322,94.7,41.1,4.2,38763,31168,27267,1517,27,1027,107,175,1048
50323,99.6,66.4,3.2,62005,12678,11526,177,0,734,0,0,241
50324,94.5,47,6.4,37525,4980,4319,26,0,189,0,249,197
50325,94.9,54,3.3,45433,16937,15253,357,59,761,0,235,272
50327,91.5,34,2.1,40480,11156,10320,312,25,202,8,102,187
50401,92.7,21.5,4.9,27457,29216,27442,586,93,349,0,179,567
50420,92.5,16.4,6.6,32750,366,363,3,0,0,0,0,0
50421,92.2,13.8,3,31977,3336,3173,0,0,22,0,106,35
50423,89.1,15.9,3.8,33407,2789,2715,19,3,5,0,23,24
50424,92,26.3,3,31215,1414,1403,0,0,0,0,0,11
50426,88.2,11.8,14.3,27250,24,24,0,0,0,0,0,0
50428,93.8,25.7,2.1,30471,9424,9084,58,25,134,0,47,76
50430,89.5,22.2,4.1,30714,440,440,0,0,0,0,0,0
50431,93.4,7.3,7.2,41354,205,196,3,0,6,0,0,0
50432,92.9,3.9,0.9,31719,202,201,0,0,0,0,1,0
50433,97.1,20.4,15.8,26625,174,174,0,0,0,0,0,0
50434,93.4,12.6,1.3,30486,389,381,0,0,2,0,0,6
50435,90.6,10.9,1.8,33140,702,689,0,0,4,2,0,7
50436,92.1,21.7,7.3,28580,5984,5630,89,3,111,0,18,133
50438,96.1,27.1,0,32699,3964,3876,13,0,0,9,1,65
50439,96,20.1,1.3,27500,322,319,0,0,0,0,3,0
50440,93.6,13.3,0,32167,662,651,6,0,0,0,0,5
50441,85.4,19.6,5.2,30643,5537,4915,99,5,0,0,412,106
50444,96.7,17.5,5.3,30556,373,365,0,0,3,0,0,5
50446,95.7,19.3,3.4,27857,539,536,0,0,0,1,0,2
50447,87.8,14.4,3.8,30000,1199,1139,13,12,25,0,0,10
50448,94.2,12.3,10.4,25118,847,842,5,0,0,0,0,0
50449,95.2,7.4,5.6,21941,698,676,13,0,0,0,1,8
50450,89.8,21.3,7.1,31796,2646,2549,0,69,0,0,7,21
50451,93,14.3,1.5,26151,449,442,0,0,0,0,4,3
50452,84.4,20.4,3.4,26900,810,742,29,3,14,0,17,5
50453,96.7,17.5,1,26250,576,555,12,0,9,0,0,0
50454,82.4,0,0,36500,68,68,0,0,0,0,0,0
50455,73.3,2.1,1.2,16250,648,607,0,0,0,0,0,41
50456,89.2,12.7,5.1,22500,1888,1808,6,4,2,0,5,63
50457,98.3,11.2,0.6,27222,308,308,0,0,0,0,0,0
50458,93.1,16.7,2.7,31138,2102,2055,10,0,0,0,2,35
50459,92.2,17.5,8.6,29427,2683,2583,51,2,7,0,0,40
50460,80.8,28.5,3.3,36797,383,379,0,0,4,0,0,0
50461,93.6,17.1,3.8,30769,5684,5583,9,26,0,0,6,60
50464,88.9,15.6,4.9,31974,498,492,1,0,3,0,0,2
50465,82.6,15.2,2,16607,279,243,0,9,0,0,9,18
50466,87.7,11.5,6.4,32143,1723,1681,0,0,0,0,0,42
50467,98.2,8.9,0,31563,73,72,0,0,1,0,0,0
50468,95.4,18,4.7,31699,1481,1470,7,0,0,0,4,0
50469,95,13.6,2.1,37007,1612,1574,32,0,0,0,0,6
50470,83.2,10.2,11.9,30417,191,174,0,0,0,0,1,16
50471,90.1,11.2,4.2,21357,704,688,7,0,0,0,0,9
50472,92.7,16.5,2.1,30779,2216,2180,0,0,36,0,0,0
50473,92.7,33.8,0,42500,254,253,0,0,0,1,0,0
50475,91.3,14.8,5.8,30159,1885,1867,0,0,4,0,4,10
50476,88,8.2,0.7,31442,800,795,0,0,0,0,0,5
50477,97.9,15.3,7.5,23214,320,285,0,0,0,0,0,35
50478,91.2,13.6,4.5,28906,867,849,0,0,9,0,6,3
50479,94.3,17.9,6.5,27917,574,558,5,0,1,0,3,7
50480,93.9,12.9,2.4,28445,926,911,6,0,0,0,4,5
50482,98.2,23.9,1.6,32310,871,871,0,0,0,0,0,0
50483,92.8,15.6,1.1,29943,647,635,4,0,1,0,0,7
50484,89.7,15.3,2.7,25972,414,350,19,4,0,0,5,36
50501,90.5,22.2,7.4,23606,28015,25118,1616,99,427,0,348,407
50510,94.4,22.9,4.3,35313,1004,964,17,0,2,0,7,14
50511,95.3,24.4,0.9,33404,7184,7024,6,0,69,0,43,42
50514,90.6,12.6,3.8,30096,1427,1417,0,0,0,0,0,10
50515,95.3,22.7,8.4,27083,238,232,0,0,0,0,0,6
50516,96.6,18.8,3.1,30938,602,596,0,0,0,3,0,3
50517,97,16.8,2,28906,983,943,24,0,0,0,8,8
50518,89.3,17.6,0,32386,447,447,0,0,0,0,0,0
50519,92.7,10.9,8.3,25240,696,694,0,0,0,0,0,2
50520,95.5,4.5,4,28542,80,79,0,0,0,0,0,1
50521,84.4,5.2,9.8,11211,245,245,0,0,0,0,0,0
50522,90.3,15.4,3.2,32833,813,793,9,3,4,0,2,2
50523,88.2,9.6,5.4,30515,779,776,0,0,0,0,3,0
50524,89.7,14.5,1.9,28854,562,562,0,0,0,0,0,0
50525,88.9,21.9,7.1,29799,3455,2939,24,0,49,0,387,56
50527,95.3,31.9,0,26250,246,246,0,0,0,0,0,0
50528,96.3,16.9,0,34000,329,329,0,0,0,0,0,0
50529,90.5,9.3,2.9,31250,707,705,0,0,0,0,0,2
50530,91.8,14.6,2.3,31989,1223,1197,0,3,0,0,4,19
50531,81.9,3.9,8.8,38421,239,239,0,0,0,0,0,0
50532,94.3,11.5,2.8,30833,1000,1000,0,0,0,0,0,0
50533,88.1,16.4,9,27930,3885,3767,11,24,0,0,36,47
50535,93.1,16.9,4.6,29647,944,895,36,0,0,0,0,13
50536,93.9,24.5,1.2,28774,4557,4323,152,9,38,0,0,35
50538,95.4,14.9,6.6,31250,499,497,0,0,0,0,0,2
50539,95.5,16.7,8.3,30313,623,621,0,0,0,0,0,2
50540,89.2,15.8,3.4,27500,798,778,2,0,0,2,0,16
50541,93.9,14.6,6.3,31213,890,888,0,0,2,0,0,0
50542,92,12.7,1.9,35645,862,860,0,0,2,0,0,0
50543,91.3,25.1,5.7,35665,1458,1376,3,12,6,0,0,61
50544,94.1,22,1.5,36696,423,405,0,14,0,0,0,4
50545,82.8,22.5,6,28036,251,244,7,0,0,0,0,0
50546,91.9,14.8,4.2,30903,293,264,0,0,0,8,0,21
50548,94.1,24.9,3,30277,5659,5489,42,12,22,0,4,90
50551,88.9,26.5,0,35833,168,168,0,0,0,0,0,0
50554,93.1,18.3,2.1,31765,1578,1457,54,6,16,0,19,26
50556,93.5,4.5,0.9,30179,281,274,0,0,0,0,0,7
50557,89.3,9.6,8.7,29625,785,764,0,12,0,0,0,9
50558,93.4,15.4,4.4,30058,761,756,0,0,0,0,0,5
50559,90,22.5,7.1,26346,334,298,1,0,1,0,0,34
50560,84.2,10.8,4,23631,563,536,4,0,0,0,0,23
50561,92.7,21.5,1.3,25662,367,363,0,0,0,0,0,4
50562,95,14.8,11.8,24375,471,465,2,0,0,0,0,4
50563,94.8,15,6.1,30288,2546,2453,7,4,2,0,12,68
50565,89.6,12.5,11.2,24712,479,462,0,0,0,0,12,5
50566,91.3,26.1,1,27768,441,426,15,0,0,0,0,0
50567,87.3,28,4.5,22260,295,289,0,0,0,0,6,0
50568,89.2,20.7,2.2,35245,1656,1562,0,4,0,0,87,3
50569,84.2,9.4,9.7,26213,662,656,0,0,0,0,3,3
50570,86.3,5.9,0,30000,199,189,0,4,0,0,0,6
50571,91.6,11.3,0,28214,434,425,9,0,0,0,0,0
50573,100,4.7,6.1,30682,51,51,0,0,0,0,0,0
50574,95.3,16.4,5.5,30556,2033,1985,38,0,0,0,0,10
50575,94.8,19.9,2.1,33846,1170,1128,27,5,0,0,0,10
50576,80.9,15,8.7,31528,360,348,3,0,0,0,9,0
50577,94.1,21.6,2.8,36250,412,383,4,3,1,0,0,21
50578,92.9,14.3,6.1,30337,663,648,0,0,0,0,0,15
50579,92.7,17.5,1.6,21272,2779,2598,103,19,9,0,7,43
50581,89.2,17.9,2.9,28333,952,915,0,0,0,0,30,7
50582,97,9,0.7,30750,242,240,0,0,0,0,0,2
50583,92.6,17.9,4.7,30703,2878,2804,6,0,0,0,2,66
50585,94.1,18.7,1.2,30865,1152,1144,2,0,0,0,2,4
50586,93.4,9.6,4.5,31103,275,257,0,0,2,0,2,14
50588,69.5,17.4,5.1,23581,12810,9056,558,0,1696,223,1035,242
50590,91.7,14.3,0.6,25739,920,860,0,19,12,0,16,13
50591,91.6,16.7,0.6,31667,311,299,0,0,3,0,0,9
50593,84.4,11.1,0,16071,77,77,0,0,0,0,0,0
50594,89.4,15.2,0,30893,177,164,0,0,0,0,13,0
50595,91,21.2,2.7,31414,9125,8407,72,0,364,0,269,13
50597,94.4,16.6,0.7,28426,1231,1190,3,3,1,0,12,22
50598,97.7,14.7,2,30134,826,807,12,5,0,0,2,0
50599,96.7,21.1,2.7,37137,369,367,0,2,0,0,0,0
50601,89,18.7,4.3,28750,2375,2352,0,0,0,0,15,8
50602,91.7,16.4,2.3,32098,1684,1594,9,0,66,0,0,15
50603,87.7,7.3,3.2,31452,662,621,0,14,7,0,8,12
50604,89.4,16.9,0.9,36458,1698,1670,0,28,0,0,0,0
50605,93,14.8,4.9,42500,157,157,0,0,0,0,0,0
50606,93.6,9.1,3.3,27386,846,832,0,3,0,0,0,11
50607,87.8,26.5,7.7,23409,693,587,1,14,5,0,43,43
50609,94.5,18.8,4.4,37361,469,465,0,4,0,0,0,0
50611,88.4,11.9,1.7,30625,433,409,6,0,0,0,0,18
50612,100,39.1,4.3,33929,317,317,0,0,0,0,0,0
50613,95.6,42.5,4.6,23487,43930,40956,948,120,1218,45,168,475
50616,86,21.7,3.1,27018,10399,9663,247,65,245,0,37,142
50619,89,9.8,3.1,30407,2246,2223,10,0,0,0,0,13
50620,100,16.7,3.8,,42,42,0,0,0,0,0,0
50621,95.6,23.8,3.5,36250,1563,1560,0,0,3,0,0,0
50622,97.5,30.2,2.8,43902,3439,3384,7,0,34,0,0,14
50624,95.3,32.8,1.6,44184,1634,1601,9,0,0,0,8,16
50625,91.6,10.1,9.8,30147,1150,1141,0,0,0,0,0,9
50626,94.8,15.8,2.8,35000,1873,1788,66,0,0,0,0,19
50627,91.5,24.4,3.2,28693,3327,3050,78,7,85,0,15,92
50628,83.4,11,5.3,27917,1346,1344,0,0,0,0,0,2
50629,96.8,18.7,2.9,33500,2031,1991,0,24,0,0,0,16
50630,94.7,14.5,2.5,32426,2067,2009,33,9,2,0,0,14
50632,95.3,17,3.7,31600,977,960,10,2,0,0,0,5
50633,98.5,10.2,5.1,24792,350,345,5,0,0,0,0,0
50634,92.8,13.9,3.5,32159,745,725,0,0,0,0,0,20
50635,97.5,20.8,3.8,34261,1706,1679,21,4,0,0,0,2
50636,90.4,14.5,2.8,27244,1757,1714,0,0,32,11,0,0
50638,95.1,25.9,4.6,33462,3236,3203,33,0,0,0,0,0
50641,75.3,4.9,3.8,26105,1879,1860,2,12,0,0,0,5
50642,93.5,23.9,2.7,28684,547,544,0,0,0,0,0,3
50643,98.7,32.4,4.5,41840,2573,2551,0,0,11,0,11,0
50644,92.4,21.5,2.1,31222,8828,8645,50,18,84,0,24,7
50645,96.5,8.1,2.1,30542,929,929,0,0,0,0,0,0
50647,95.1,22.2,6.5,41060,1664,1655,0,0,9,0,0,0
50648,97.3,18.9,5.8,35071,4599,4514,9,0,0,0,15,61
50650,91.2,6.6,7.8,28309,639,638,0,0,0,0,1,0
50651,94.1,20.4,1.5,34924,3626,3603,0,5,9,0,0,9
50652,92.5,6,11.5,10469,91,91,0,0,0,0,0,0
50653,90.6,16.2,2.3,26364,626,622,1,1,0,0,0,2
50654,94.7,6.3,5,18068,379,379,0,0,0,0,0,0
50655,92.1,25.6,2.8,30612,740,730,0,10,0,0,0,0
50658,94,17.5,6.2,29000,2371,2365,0,0,0,0,0,6
50659,89.5,16.8,2.4,32493,5399,5286,57,7,31,0,12,6
50660,96.6,21.9,5.4,36142,1330,1330,0,0,0,0,0,0
50662,86.7,15.6,4,25085,6911,6646,19,76,21,0,33,116
50664,100,31.3,31.6,,65,65,0,0,0,0,0,0
50665,94.1,21.6,2.1,32500,3002,2880,20,15,64,0,11,12
50666,95.4,17.6,2.2,35147,1128,1122,1,0,0,0,0,5
50667,95.7,20.1,3.1,36736,829,799,0,0,0,0,0,30
50668,92.6,21.5,1.8,36284,1265,1265,0,0,0,0,0,0
50669,97.4,20.7,6.1,39076,2593,2555,0,0,7,0,0,31
50670,96,17.1,3.5,28750,2339,2325,0,0,0,0,0,14
50671,93.7,35.8,2.6,41181,173,158,0,8,0,0,0,7
50672,94,14.3,2.2,38661,513,513,0,0,0,0,0,0
50673,91.2,20.2,5.6,35000,162,162,0,0,0,0,0,0
50674,93.9,17.1,4.9,32074,3666,3600,10,28,18,0,0,10
50675,93.3,23.8,4.2,33042,2381,2350,0,0,6,3,3,19
50676,90.6,14.1,2.5,31353,2182,2114,14,0,0,39,0,15
50677,95.7,35.2,2.7,25654,12078,11374,233,32,164,0,110,165
50680,94.9,20,5.4,35173,1357,1331,0,0,3,0,0,23
50681,93.7,13.3,2.6,32232,397,394,0,0,3,0,0,0
50682,93.4,18.2,3.7,35947,1745,1691,0,0,15,0,0,39
50701,92.7,30.6,5.7,31576,30231,26130,1825,205,1002,125,359,585
50702,88.5,17.9,6.9,30743,20210,16923,1904,14,249,0,324,796
50703,80.3,12.2,13.6,23921,19200,11360,6321,33,110,129,713,534
50707,86.6,10.4,5.2,25639,8648,7226,705,43,0,0,299,375
50801,92.7,18.7,3.8,27304,9612,9324,122,24,66,7,0,69
50830,88.7,12.8,3.4,28611,1749,1730,2,6,7,0,0,4
50833,94.7,20.1,4.1,30144,2259,2198,12,2,16,0,6,25
50835,94,32.1,0,26250,117,117,0,0,0,0,0,0
50836,88,7.6,2,24911,337,325,0,0,10,0,0,2
50837,95,22.4,0,37826,254,253,0,0,0,0,0,1
50839,97.3,27,14.3,,37,30,0,4,0,0,0,3
50840,84.4,14.3,2.9,26630,561,553,0,0,0,0,5,3
50841,90.8,15.6,3.7,31921,2659,2596,19,0,22,0,3,19
50842,95.7,15.7,0,28750,100,100,0,0,0,0,0,0
50843,93.7,20.7,0.6,31481,658,658,0,0,0,0,0,0
50845,91.6,13,2.3,30758,842,839,0,3,0,0,0,0
50846,92.5,10,6.1,30532,1054,1049,0,0,1,0,0,4
50847,88.9,0,6.8,23750,100,100,0,0,0,0,0,0
50848,92.7,4,0.9,35938,416,410,0,0,0,0,0,6
50849,92.4,17.3,2.1,31417,2556,2496,1,0,30,0,5,24
50851,86.8,10.9,3.9,30554,1987,1838,0,11,18,0,120,0
50853,95,12.7,5,31522,681,655,0,0,25,0,0,1
50854,90.8,20,6.3,26834,2427,2309,8,8,21,0,57,24
50857,94.2,20.8,7.3,32614,215,211,0,0,0,0,0,4
50858,95.8,16.5,1.1,30347,726,695,0,0,0,0,0,31
50859,96.7,13.9,1.9,27708,660,632,0,0,11,0,0,17
50860,81.9,30.2,6.8,19375,392,392,0,0,0,0,0,0
50861,96.4,17.6,4.4,27083,249,249,0,0,0,0,0,0
50862,99.1,19.6,2.2,31667,167,166,0,0,0,0,0,1
50863,99,17.6,5.4,29773,308,298,0,6,0,0,0,4
50864,90.5,17.7,4.3,25781,1950,1889,0,24,0,0,15,22
51001,88.2,16.4,3.3,29519,2397,2377,0,12,0,0,0,8
51002,90.9,23.3,2.4,30258,2877,2680,17,0,26,1,108,45
51003,92.6,27.3,0.5,30345,1746,1632,9,0,6,0,79,20
51004,92,14.3,3.4,29063,1114,1087,0,2,9,0,0,16
51005,93.3,16.8,4.2,36094,1365,1320,19,0,14,0,0,12
51006,93.5,11.2,2.1,28533,1012,975,0,0,13,0,0,24
51007,93.8,13,2.3,30769,599,547,15,13,24,0,0,0
51008,98.9,24.2,0,40938,105,103,0,2,0,0,0,0
51009,96,9.7,2.1,26354,187,172,2,0,6,0,0,7
51010,85.9,14.8,2.6,21364,365,335,0,0,8,0,0,22
51011,83.9,4.8,0,31786,82,81,0,1,0,0,0,0
51012,88.7,17.7,3.5,27833,6335,6146,64,51,29,0,15,30
51014,94.7,22.9,0,35057,490,488,0,0,0,0,0,2
51016,88,18.8,3.8,29125,1290,1279,0,0,2,0,0,9
51018,95.8,14,7,26250,424,422,0,0,2,0,0,0
51019,89.7,16.4,3.1,27471,868,854,0,11,0,0,3,0
51020,90,9.8,3.2,32308,682,639,5,10,0,0,12,16
51022,96.3,10.9,4.1,35045,794,765,8,0,0,0,4,17
51023,84,19.5,6.2,28759,3157,2749,3,0,0,0,377,28
51024,95.8,20.6,3,36859,1907,1859,26,0,2,0,15,5
51025,96.5,24,4.7,29659,2008,1942,0,39,9,0,8,10
51026,89.5,8.7,5.7,32000,825,806,0,0,0,0,0,19
51027,93.8,19.3,1,29833,1144,1080,2,4,2,0,0,56
51028,96.1,20.8,3.3,36639,2069,2033,9,0,11,0,0,16
51029,94.2,17.3,6,25625,356,328,0,0,0,0,0,28
51030,94.6,31.7,1.1,37000,1537,1515,5,0,0,0,10,7
51031,90.9,19.5,3.6,36519,12130,11246,87,44,79,42,434,198
51033,96.6,20.8,0,30938,326,306,0,0,20,0,0,0
51034,87.5,19.3,4.2,27692,1852,1852,0,0,0,0,0,0
51035,91.3,24.4,2.1,33421,1381,1335,0,5,0,0,0,41
51036,95.2,23,1.3,33750,755,736,2,2,0,0,8,7
51037,92.1,28.1,0,35313,520,518,0,0,0,0,0,2
51038,94.1,18,3.2,30237,1577,1502,0,0,3,16,42,14
51039,96.3,27.8,1.6,37240,2528,2505,8,5,0,0,0,10
51040,91,15.9,5.1,25570,3531,3339,46,110,0,0,0,36
51041,95,36.7,1.5,22228,7593,6998,59,8,138,0,328,62
51044,84.4,12.6,7.2,30556,203,195,0,0,0,0,0,8
51046,93.6,17.7,7,32243,1690,1671,0,6,0,2,10,1
51047,93.6,19.6,1.1,27120,645,636,4,0,3,0,0,2
51048,93.3,19.9,3.9,30673,634,602,0,13,0,0,0,19
51049,84.1,11,4.6,28092,505,505,0,0,0,0,0,0
51050,94.9,16.1,2.4,30904,2604,2576,0,0,0,0,0,28
51051,72.3,1.5,0,,119,114,0,0,0,0,1,4
51052,91.1,12.7,0.8,28875,837,836,0,0,1,0,0,0
51053,89,22.5,2.8,28705,1094,1039,0,0,0,4,40,11
51054,95.1,37.3,3.7,31297,5428,4941,2,76,136,0,7,266
51055,96.3,23.8,2.6,31811,1578,1490,0,77,0,0,0,11
51056,94.9,14.3,2.6,30905,411,410,0,0,1,0,0,0
51058,94.7,15.9,1.6,31912,903,884,4,0,10,3,0,2
51060,83.8,9.8,7.9,32054,575,573,0,0,0,0,0,2
51061,95.9,20.7,3.7,31667,726,717,0,0,6,0,0,3
51062,94.2,17.9,15.6,23974,552,536,0,0,0,0,14,2
51063,93.6,22.3,2.6,30510,1220,1213,4,0,0,0,0,3
51101,77.9,3.4,27.2,16563,826,605,45,46,8,0,50,72
51103,75.1,8.9,9.2,25495,17688,13195,962,698,800,91,1249,693
51104,90.2,33.7,3.8,27821,22223,19520,764,204,636,14,386,699
51105,67.8,7.6,6.3,22525,10333,7002,818,262,625,11,1216,399
51106,91.9,26.1,4.7,28798,26012,24242,491,85,367,17,262,548
51108,83.5,19.9,1.6,31556,5931,5259,20,45,195,0,193,219
51109,79.7,9.9,2.1,26690,3107,2960,19,33,15,0,14,66
51111,88.8,14.3,0,56289,168,110,0,0,58,0,0,0
51201,93.3,28.8,2.3,28718,6020,5602,21,7,77,0,222,91
51230,96.5,5.3,1.4,26071,468,445,0,1,2,2,8,10
51231,94.3,8.6,1.1,35313,398,362,1,17,0,0,1,17
51232,88.3,18.2,0.8,25583,663,632,5,7,0,6,0,13
51234,90.6,17.1,1.8,26688,1171,1144,0,0,2,0,18,7
51235,88.3,12.3,3.8,33798,1235,1201,0,21,3,0,7,3
51237,87.3,17.6,2.1,31404,1563,1523,0,0,3,0,28,9
51238,93.9,15.6,1.7,33629,1132,1111,0,0,3,0,0,18
51239,85.2,17,1.9,31085,3244,3006,3,13,4,4,153,61
51240,89.9,24.9,0.4,29561,2180,2007,0,25,2,6,109,31
51241,89.3,27.2,2.9,35956,1658,1588,0,15,2,0,50,3
51242,96.6,13.4,0,37750,224,214,2,0,0,0,0,8
51243,92.6,14.2,2.4,32432,973,915,0,0,15,0,8,35
51244,95.9,0,0,30000,67,67,0,0,0,0,0,0
51245,88.7,18.4,1.8,31528,1239,1124,10,0,7,0,93,5
51246,91.9,25.6,1.4,31431,3385,3361,4,8,2,0,1,9
51247,89.4,19.7,2.5,26852,5223,5112,23,17,32,0,23,16
51248,89.7,15.5,2.7,30975,1782,1721,10,0,0,0,33,18
51249,86.6,19.1,2.3,26910,3297,3123,6,0,21,0,111,36
51250,87.7,35.8,0.4,25588,8391,7658,45,29,59,0,530,70
51301,93.2,21,3.5,30168,12778,12146,73,4,7,0,192,356
51331,96.7,22.3,9.8,24632,1023,966,17,4,0,0,8,28
51333,93.1,12.7,1.8,26354,497,497,0,0,0,0,0,0
51334,89.3,19.3,5.5,26490,7197,6911,120,13,30,11,44,68
51338,92.8,19.7,3.4,32401,974,971,0,0,0,0,1,2
51341,74.2,0,10,,35,33,0,0,0,0,0,2
51342,91.4,23.8,1.6,31729,1200,1184,12,0,0,0,4,0
51343,94.3,32.2,0.8,24399,333,333,0,0,0,0,0,0
51345,86.8,4,3,29286,419,362,1,0,4,0,44,8
51346,89.9,13.5,1.8,31224,2352,2237,12,13,21,0,24,45
51347,95.3,22.3,5.2,31536,1443,1428,0,0,2,0,1,12
51350,88.8,13.2,4.4,36532,621,610,7,4,0,0,0,0
51351,93.3,23,2.4,30515,4581,4478,17,15,0,0,36,35
51354,88.3,11.4,3.2,21520,1028,1018,6,0,0,0,0,4
51355,99.2,48.6,5.5,27333,843,804,0,0,23,0,0,16
51357,94.9,14.8,5.5,31563,589,570,0,1,0,7,0,11
51358,91.8,23.6,1.7,29044,1103,1073,0,0,7,6,0,17
51360,96.7,33.2,2.5,33635,8346,8152,26,18,25,16,12,97
51363,87.6,3.1,4.2,27361,168,165,0,1,0,0,0,2
51364,92.3,17.8,3.9,26188,653,640,2,4,1,0,0,6
51365,94.7,17.7,1.9,27667,382,316,21,33,0,0,11,1
51366,91.8,27.5,1.7,25417,343,324,0,3,0,0,16,0
51401,92.4,23.5,1.5,31936,11900,11404,269,0,0,0,70,157
51430,95.3,16.1,2.7,30777,849,830,3,0,0,0,0,16
51431,96.3,20.4,0,30195,441,434,0,0,0,0,0,7
51433,90.3,12.3,4.5,22763,520,520,0,0,0,0,0,0
51436,95.9,17.2,0,30116,790,790,0,0,0,0,0,0
51439,88.4,13.5,2.3,29554,1095,1088,0,0,1,3,0,3
51440,92.1,13.2,0.5,36705,372,372,0,0,0,0,0,0
51441,78.2,9.1,9.8,28750,448,384,39,0,0,0,14,11
51442,69,10.7,6.8,28239,9908,8951,244,192,31,4,276,210
51443,95.4,20.2,4.4,30185,1905,1883,17,5,0,0,0,0
51444,93.6,18.6,0,30167,243,243,0,0,0,0,0,0
51445,91.2,19.2,3.5,29904,2786,2770,1,7,0,0,1,7
51446,97.2,18.4,3.3,20313,513,508,0,1,0,0,0,4
51447,95.5,11.7,7.5,28750,187,185,0,0,2,0,0,0
51448,94,13.8,0.4,26087,484,484,0,0,0,0,0,0
51449,88.4,22.4,3.8,25239,2126,2066,27,0,12,0,0,21
51450,91,19.7,4.5,31217,1393,1371,18,0,0,0,4,0
51451,87.4,10.3,1.4,28382,133,133,0,0,0,0,0,0
51453,92.6,22.5,3.2,30662,751,743,0,3,1,0,1,3
51454,93.8,14.2,5.4,32216,1616,1499,0,0,0,0,107,10
51455,93,21.8,6.1,27875,2217,2183,2,0,16,0,0,16
51458,92.6,25.4,2.3,31047,1476,1465,0,0,0,0,0,11
51459,89.4,2.1,3.2,33438,72,71,0,0,0,0,0,1
51461,92.4,14.9,5.9,31316,1026,950,1,10,16,0,4,45
51462,93.6,13.6,8.5,26513,1005,976,0,0,5,0,0,24
51463,91.6,17.2,7.9,28631,657,656,1,0,0,0,0,0
51465,86.1,7.2,4.5,31850,766,727,2,0,2,0,32,3
51466,91.9,17,3.8,32356,1096,1096,0,0,0,0,0,0
51467,96.7,22.5,1.9,35705,661,654,0,0,0,0,0,7
51501,84.1,11.4,5.8,28355,34774,31530,758,178,357,5,1040,906
51503,93.3,27.1,4.9,33612,37603,36089,491,76,239,0,153,555
51510,90.2,17.4,8.7,31875,3765,3548,102,26,0,0,14,75
51520,72,5.6,2.8,28750,183,183,0,0,0,0,0,0
51521,91.3,27.2,2.7,33958,1882,1851,0,0,0,0,0,31
51523,92,22.9,4.7,25625,375,368,0,0,0,0,0,7
51525,92.9,20.7,4.7,33155,1209,1172,0,0,4,0,0,33
51526,93.5,17.2,3.8,37981,1406,1395,0,0,0,0,0,11
51527,92,7.7,10.4,23036,454,443,0,0,0,0,10,1
51528,87.5,7.6,4,20688,750,719,0,0,0,22,7,2
51529,88.4,15.4,0.2,30101,1833,1795,0,12,10,0,0,16
51530,93.6,19.8,1.7,28092,837,825,0,9,0,0,0,3
51531,92.3,19.5,5,36078,710,710,0,0,0,0,0,0
51532,87.6,13.3,5.4,28447,779,773,0,0,0,0,0,6
51533,91.6,16,6.2,29022,909,871,23,1,9,0,0,5
51534,93.6,27.7,3.3,35713,9430,9193,68,71,0,0,0,98
51535,90.5,21.4,6.3,26184,1910,1864,0,0,16,0,0,30
51536,96.6,19.2,3,25917,399,375,0,19,0,0,0,5
51537,89.3,24.6,3.2,27222,6658,6240,47,6,31,0,201,133
51540,94.5,30.2,11,31307,444,403,0,41,0,0,0,0
51541,94.8,13.7,3,39792,285,285,0,0,0,0,0,0
51542,96,29.7,3.8,35102,1109,1073,0,0,0,0,0,36
51543,89.8,12.3,1.2,32500,543,529,0,4,0,0,0,10
51544,87.5,11,5.6,32750,827,786,0,4,13,0,0,24
51545,76.8,10.1,4.6,,301,296,0,0,0,0,3,2
51546,92.7,23.1,1.3,37434,2774,2693,7,7,0,7,0,60
51548,92.5,26.8,0,43235,365,362,0,0,0,0,0,3
51549,94.5,14.4,3.8,36591,401,396,0,0,0,0,5,0
51550,87,8.1,3.7,25000,151,151,0,0,0,0,0,0
51551,94.1,19.8,3,40050,1642,1633,1,4,0,0,4,0
51552,95.3,27.5,0,30714,245,241,0,0,0,0,0,4
51553,96.2,23.3,1.6,42036,1074,1069,0,5,0,0,0,0
51554,100,16.8,18.4,42852,130,130,0,0,0,0,0,0
51555,91.4,16.8,3.1,33750,5113,4958,0,21,24,0,0,110
51556,87.1,13.6,0.5,29318,430,421,0,4,5,0,0,0
51557,83,13.7,5.6,35417,803,796,0,0,0,0,6,1
51558,96.7,8.5,0.4,31000,430,425,0,0,2,0,0,3
51559,96.6,20.8,2.3,34938,1642,1627,0,0,0,0,0,15
51560,93.7,27.8,2.4,36014,2307,2239,1,0,2,0,21,44
51561,87.4,12.6,1.9,35474,1288,1241,19,4,9,0,0,15
51562,94.8,8.2,0.8,36726,435,433,0,0,0,0,0,2
51563,97.4,15.7,8.1,29861,632,632,0,0,0,0,0,0
51564,89.5,5.6,4.7,32171,399,369,0,7,5,0,18,0
51565,90.5,12.7,1,26818,514,510,2,0,0,0,0,2
51566,88.8,14.3,10.3,26834,6497,6101,0,0,0,0,152,244
51570,90,16.2,2.3,27981,998,992,0,0,4,0,0,2
51571,92.1,28.2,3.7,42679,611,605,0,0,1,0,5,0
51572,97,11,5.5,28750,437,420,0,0,0,0,11,6
51573,92.5,22.2,4.4,32917,1175,1171,0,0,0,0,0,4
51575,98.5,37.2,0.8,42417,1670,1660,0,0,0,0,5,5
51576,95.1,34.6,0.6,48125,1984,1968,0,0,0,0,0,16
51577,93.4,15.7,3.4,31646,1210,1176,0,0,21,0,2,11
51578,96.9,7.8,27.8,30833,101,101,0,0,0,0,0,0
51579,92.4,21.2,3.4,32388,2395,2348,0,15,0,0,8,24
51601,85.8,22.1,2.3,29452,5938,5602,73,17,141,0,10,95
51630,96.6,26.7,5.4,28750,200,192,0,0,0,0,0,8
51631,94.1,13.7,7.4,30000,266,256,0,10,0,0,0,0
51632,89.9,23.4,4.9,28054,7168,6679,306,19,39,0,34,91
51636,85.6,8.4,0,35104,437,437,0,0,0,0,0,0
51637,91,21.3,3.6,11094,194,190,0,0,0,0,0,4
51638,91.9,17.1,8.5,30427,1301,1264,0,9,0,0,0,28
51639,94.2,21.3,6.2,33409,719,688,0,0,0,0,0,31
51640,92.4,22.7,3.1,27898,1552,1522,0,5,0,0,0,25
51645,96.4,18.9,3,38750,296,296,0,0,0,0,0,0
51646,93.7,13,0.8,36164,656,644,0,3,0,0,0,9
51647,95.9,10.8,31.7,35179,92,92,0,0,0,0,0,0
51648,100,13.4,0,37667,210,210,0,0,0,0,0,0
51649,94.1,24.5,4.4,36875,277,256,18,0,0,0,0,3
51650,93.1,12.1,1.6,36042,355,355,0,0,0,0,0,0
51652,89.2,17.5,4.6,32188,1573,1427,12,39,0,0,83,12
51653,90.2,26,1.8,34805,1585,1556,11,6,3,0,0,9
51654,88.2,18.8,9.1,34167,470,470,0,0,0,0,0,0
51656,95.3,27.9,24.1,28929,59,59,0,0,0,0,0,0
52001,89.5,25.7,5.5,23912,43821,39220,2210,36,535,325,252,1243
52002,94.7,40.4,2.3,36619,15877,14781,200,6,610,13,23,244
52003,96.7,37.3,4.1,32560,13450,13135,52,5,56,0,0,202
52030,87.6,11,3.9,26579,519,502,12,0,0,0,0,5
52031,89.3,20.6,2.1,34806,5368,5297,20,0,3,0,16,32
52032,91.3,25.2,2.5,31360,1430,1429,0,0,0,0,0,1
52033,91.8,19.3,2.6,34167,2961,2949,12,0,0,0,0,0
52035,86.7,8.7,4.6,31996,1190,1182,2,0,0,0,0,6
52037,94.3,19.6,3.3,32304,1118,1081,0,17,0,0,6,14
52038,97.7,19.9,0.8,35326,586,586,0,0,0,0,0,0
52039,97.9,20.6,1.4,31392,1115,1104,2,0,9,0,0,0
52040,91,22.3,1.6,31644,5749,5734,3,0,0,0,0,12
52041,91.5,6.6,1,31181,1683,1639,3,0,19,0,10,12
52042,90.4,14,5.1,31667,1515,1437,2,0,20,0,1,55
52043,92.7,18.2,4.3,32731,2209,2185,14,0,4,0,0,6
52044,85.1,40.5,6.3,26250,136,136,0,0,0,0,0,0
52045,96.2,24.9,2.7,33910,2599,2550,0,0,0,0,0,49
52046,95.1,15.5,3.7,34080,2149,2141,0,0,0,0,5,3
52047,94.4,9.5,3.4,30000,603,602,1,0,0,0,0,0
52048,92.6,4.8,9.2,27800,415,410,0,0,4,0,0,1
52049,90.4,14.2,2.1,27219,1492,1479,2,1,0,0,0,10
52050,89.3,10,0,35200,712,665,0,0,31,0,0,16
52052,91.7,14.5,4.2,26695,3099,2996,6,3,23,0,0,71
52053,93.1,12.3,1.2,35550,1033,1027,0,0,0,0,0,6
52054,92.1,16.6,3.1,30764,821,813,0,3,0,0,0,5
52057,90.7,19.1,2.4,31923,7555,7445,24,5,9,0,0,72
52060,92.4,16,7.1,27868,8459,7982,37,7,59,120,25,229
52064,94.6,19.7,5.3,34375,947,941,0,3,0,0,0,3
52065,90.1,11.1,3.4,31042,1097,1081,0,0,1,0,0,15
52066,77.8,11.1,17.9,26875,70,70,0,0,0,0,0,0
52068,94.6,32.6,2.6,36960,4403,4215,95,1,14,0,0,78
52069,90.6,13.5,2,30578,1637,1610,0,2,14,0,0,11
52070,91.9,15.1,7.5,31635,890,889,1,0,0,0,0,0
52072,90.3,12.4,6,32375,221,219,0,0,2,0,0,0
52073,96.3,17.4,1,26313,1285,1254,0,0,5,0,2,24
52074,89.6,8,2.8,29792,395,395,0,0,0,0,0,0
52076,93.7,16.1,4,31895,2331,2327,2,0,0,0,0,2
52077,87.2,24.5,4.8,32109,424,424,0,0,0,0,0,0
52078,92.4,16.7,2.9,31625,856,854,0,0,0,0,0,2
52079,92.3,11.8,0,31681,865,858,0,0,0,0,0,7
52101,95.4,34,2.2,24497,13745,13132,159,40,238,0,66,110
52132,94.5,18.3,7.3,29907,1774,1754,19,0,0,0,1,0
52133,95.1,20.6,0.6,36563,604,597,0,0,7,0,0,0
52134,91.1,9.3,8.4,25625,368,348,10,0,10,0,0,0
52135,94.1,17.8,7.1,30766,731,731,0,0,0,0,0,0
52136,91.9,15.3,2.9,29531,5931,5822,18,0,0,0,2,89
52140,85.6,13.4,3.5,32321,558,558,0,0,0,0,0,0
52141,89.3,22.8,4.4,28798,1582,1550,6,0,5,0,0,21
52142,87.8,27,6.7,8244,1746,1470,125,0,79,0,28,44
52144,94.2,17.5,1.7,32530,1508,1501,0,0,0,0,0,7
52146,89.3,16.9,4.9,24727,975,944,23,0,0,0,0,8
52147,92.4,14.6,6.6,30301,1154,1130,0,0,0,0,0,24
52151,96.5,18.8,5.1,29913,1796,1757,2,3,15,0,0,19
52154,83.7,11.1,5.1,31938,796,796,0,0,0,0,0,0
52155,87.5,11.7,1.4,27984,1205,1183,0,0,11,0,11,0
52156,87.8,15,1.4,30551,686,670,0,15,0,0,0,1
52157,88.7,13.9,2.9,26250,1656,1605,2,21,9,0,0,19
52158,87.6,8.4,9.4,20000,257,252,0,0,0,0,0,5
52159,92.6,20.7,1.9,32383,2288,2263,0,0,16,0,0,9
52160,94.4,15.5,5,26455,1207,1158,0,0,13,0,0,36
52161,90.8,15.8,1.8,30504,1536,1523,0,0,0,0,5,8
52162,77.1,11.7,4.5,28139,3375,3044,172,27,17,2,41,72
52163,87.6,12.4,7.6,25000,244,238,3,0,3,0,0,0
52164,89,28.5,2.9,22422,252,250,0,0,0,0,2,0
52165,96.5,12.9,1.5,27361,753,742,0,0,6,0,0,5
52166,83.3,18.8,17.5,25313,125,125,0,0,0,0,0,0
52168,69.9,15.6,4.6,22132,255,254,0,1,0,0,0,0
52169,92.8,21.6,6.8,24375,382,375,0,0,2,0,0,5
52170,93.8,20.4,0.9,36198,533,530,0,0,0,0,3,0
52171,90.8,21.2,2.1,32434,984,952,4,0,0,0,3,25
52172,87.2,18.5,5.3,26298,5774,5634,0,2,22,0,20,96
52175,91,24.6,4.4,26970,3582,3373,116,20,37,0,0,36
52201,93.7,16.7,2.9,31738,1306,1272,7,0,0,0,8,19
52202,96.2,19.7,4.5,35147,1011,996,0,0,0,0,0,15
52203,95.2,30.6,2.4,37269,1733,1713,20,0,0,0,0,0
52205,91.8,15.6,6.8,29548,8685,7907,402,124,79,0,38,135
52206,94.6,28.4,1.6,46821,2298,2190,60,0,26,0,0,22
52207,96.8,18.4,2.4,32216,449,448,0,0,0,0,0,1
52208,89,17.4,4.2,30015,3098,3052,0,0,7,0,0,39
52209,89.6,17.5,7.2,30791,1271,1214,0,0,3,0,12,42
52210,86.3,16.4,0.6,29545,656,656,0,0,0,0,0,0
52211,93.2,18.4,4.4,31851,2382,2364,0,0,0,0,0,18
52212,77.4,10.9,4.9,25556,180,180,0,0,0,0,0,0
52213,95.7,24.1,2.4,36120,4019,3940,21,0,4,0,5,49
52214,94.8,20.8,3.2,37744,3642,3584,26,0,29,0,3,0
52215,85.7,7,4,31762,650,590,0,8,0,0,46,6
52216,89.7,21.3,4.5,40114,1536,1528,4,0,0,0,4,0
52217,92,6.9,4.3,33750,523,498,0,0,0,0,1,24
52218,87.8,17.5,12.4,31600,1855,1855,0,0,0,0,0,0
52219,82.3,0,12.9,25625,184,184,0,0,0,0,0,0
52220,95.6,14.5,0,38375,375,375,0,0,0,0,0,0
52221,98.1,18.6,1.8,20341,218,218,0,0,0,0,0,0
52222,94,5.4,3.5,30600,591,571,0,0,0,0,10,10
52223,93.1,12.1,7.4,27955,1503,1501,0,0,0,0,2,0
52224,95,20.8,5.6,32692,1852,1815,0,7,16,0,0,14
52225,86.4,4.2,2.1,28000,318,318,0,0,0,0,0,0
52227,96.3,29.9,2.8,45085,3025,2931,5,0,18,0,7,64
52228,97.2,34.4,2.8,49180,3292,3260,0,0,9,0,0,23
52229,87.2,12.2,2.4,34375,801,783,0,0,0,0,0,18
52231,98.3,23.6,0.8,32031,232,232,0,0,0,0,0,0
52232,87.8,8.4,0,36250,179,174,0,0,0,0,0,5
52233,94.2,28.1,4.5,31497,7038,5783,801,0,155,15,0,284
52235,97.5,22.9,2.9,36000,730,615,42,10,0,0,0,63
52236,90.1,22.5,0,40625,771,744,0,0,20,7,0,0
52237,92.6,12.3,4.9,32857,1482,1467,3,0,0,0,0,12
52240,91.3,45.5,4.5,20192,33477,26623,2877,103,1463,53,1462,896
52241,95.5,55.5,2.8,35895,20107,15466,2270,9,1846,0,333,183
52242,92.3,0,8.6,3809,1729,1529,72,3,62,0,31,32
52245,96.4,65.2,4.6,20518,24606,21552,656,16,949,98,696,639
52246,97.9,70.2,2.7,23594,22392,16145,1588,54,3729,0,210,666
52247,69,18.4,3.3,28773,6129,6094,5,0,0,0,12,18
52248,92.8,21.5,6.2,26728,1874,1839,0,0,17,0,0,18
52249,93.9,14.2,9.2,26786,1052,1042,0,4,0,0,0,6
52251,86.1,9.5,2.7,36667,633,622,0,0,2,0,9,0
52253,92.7,29.7,4.2,38533,2961,2855,31,18,0,0,13,44
52254,89.7,12.2,0.9,28292,842,836,0,0,0,0,3,3
52255,95.3,14.1,7.7,30033,1338,1248,51,13,0,0,4,22
52257,99.1,4.9,1.4,43188,273,273,0,0,0,0,0,0
52301,90.9,13.4,1.8,27132,3904,3786,30,0,0,3,40,45
52302,96,34.9,3.9,38371,39070,36670,805,22,646,0,177,750
52305,94.5,34.3,8.8,37548,569,566,0,0,0,0,0,3
52306,93.2,20.4,1,33333,1661,1656,0,0,0,0,0,5
52307,100,59.7,0,32778,78,51,27,0,0,0,0,0
52308,85.6,4.1,15.5,31786,133,133,0,0,0,0,0,0
52309,79.6,30,10.8,37750,460,457,0,0,2,0,0,1
52310,92.8,18.8,2.4,34498,6609,6583,23,0,0,0,0,3
52312,90.1,12.3,4.5,20250,128,98,0,0,14,0,0,16
52313,83.1,9.7,16.6,18715,352,352,0,0,0,0,0,0
52314,96.8,52.4,2,21025,6401,5606,214,0,52,4,219,306
52315,98.1,21.7,2.7,38170,1208,1198,0,2,0,0,0,8
52316,90.4,15.9,2.2,31680,1637,1600,0,0,0,0,0,37
52317,96.8,48.9,0.6,41579,18435,16593,1070,0,433,0,63,276
52318,92.9,20.8,5.5,37273,802,796,5,0,0,0,1,0
52320,88.7,7.7,1.4,26630,1166,1139,0,0,7,0,0,20
52321,95.6,11,1.7,30132,523,508,6,0,4,0,0,5
52322,94.7,26.7,2.1,37148,2718,2675,10,0,20,0,0,13
52323,93.8,9.5,6.8,31064,918,907,0,0,0,0,11,0
52324,97,13.6,2.5,41347,1871,1828,15,0,0,0,0,28
52325,94.2,25.1,0.5,39643,864,857,0,4,0,0,0,3
52326,94.9,8.8,6.6,29479,473,471,2,0,0,0,0,0
52327,95.9,24,1.3,42767,3221,3179,3,0,24,0,0,15
52328,98.5,55.1,3,51867,2895,2727,73,0,69,0,4,22
52329,99.1,21.8,0.6,35625,898,896,2,0,0,0,0,0
52330,85.2,13.7,4.9,30234,841,837,0,0,0,0,0,4
52332,96.2,15.4,2.9,37471,2210,2141,15,0,0,0,0,54
52333,98.7,45.1,2.7,47134,6629,6418,43,0,47,0,65,56
52334,100,11.9,17.5,35625,176,158,0,0,3,0,0,15
52335,88.5,12.6,5,27425,644,619,0,0,0,0,2,23
52336,93.6,18.8,4.5,37365,2154,2139,0,0,0,0,5,10
52337,91.8,14.9,2.6,27414,718,710,0,1,3,0,0,4
52338,97.8,39.2,2.5,49082,3435,3243,0,4,153,0,0,35
52339,85.8,12.1,8.3,26296,4422,2998,31,1033,27,0,133,200
52340,95.7,28.6,1.5,41105,2548,2244,38,0,31,0,129,106
52341,92.5,28,1,40972,923,882,0,0,41,0,0,0
52342,86.6,14.2,5.3,30963,3342,3215,26,22,11,6,31,31
52345,90.9,21.7,2,44048,1472,1436,30,2,0,0,0,4
52346,95.7,18.7,3.7,31310,1210,1128,0,2,5,0,19,56
52347,94.1,10.5,2.8,34329,1614,1591,6,3,0,0,0,14
52348,94.6,12.5,0,34167,70,70,0,0,0,0,0,0
52349,91.8,26.5,4.1,30789,7604,7501,25,0,32,0,0,46
52351,99.6,34.2,2.3,48152,1410,1375,5,0,6,0,15,9
52352,86.6,17.4,2.3,40263,1668,1641,15,0,0,0,0,12
52353,92.5,22.1,5.7,26660,9551,9011,145,46,71,11,153,114
52354,96,10.6,0,33929,345,345,0,0,0,0,0,0
52355,93.2,9.9,3.1,26985,325,322,3,0,0,0,0,0
52356,93.5,23.4,1.3,39806,2495,2396,20,0,8,0,5,66
52358,94.7,31.5,3,35723,3638,3488,18,0,11,0,44,77
52359,87.2,26.7,3.6,19732,281,274,3,3,0,0,0,1
52361,91.5,21.8,1.1,30566,4478,4402,25,1,1,0,0,49
52362,90,17.1,3.3,32273,879,866,0,0,0,0,0,13
52401,87.5,18.3,6.7,20964,2122,1459,351,0,41,0,12,259
52402,95.2,39.6,3.4,34431,41189,35844,1817,68,1770,26,630,1034
52403,93.2,36.2,4.8,35144,22961,20000,1436,70,519,15,43,878
52404,92.4,22.1,5.9,29940,38337,32487,3265,208,530,0,502,1345
52405,95.6,25.7,4.9,34931,25420,22915,1223,30,525,0,17,710
52411,97.3,52.6,1.1,55199,7456,7031,91,0,259,0,0,75
52501,85.2,17.6,7.1,26869,29655,26575,810,19,323,78,1439,411
52530,90.5,15.7,6.8,29792,907,867,1,7,0,17,1,14
52531,86.1,18.3,3.9,32223,6073,5898,5,0,11,0,118,41
52533,94.2,10.6,4.9,27462,1644,1644,0,0,0,0,0,0
52534,77.1,0,8.9,26250,272,267,0,0,0,0,0,5
52535,85.2,17.7,2.8,25595,1034,1016,2,0,0,0,6,10
52536,94.7,19.1,5.3,43019,1068,1062,0,0,0,0,0,6
52537,87.1,18.3,4.4,28737,7186,7071,16,32,19,0,0,48
52540,94.2,12,7.7,27383,1271,1258,12,0,0,0,0,1
52542,81.5,7.9,2.1,27368,541,480,58,0,3,0,0,0
52543,96.3,34.2,7.5,45647,392,392,0,0,0,0,0,0
52544,89.7,19.3,7.2,26890,7346,7135,59,3,60,0,0,89
52548,85.5,20.3,6.4,18750,97,95,2,0,0,0,0,0
52549,79.8,7.9,6.3,29167,791,761,0,2,0,0,0,28
52550,84.1,8.3,1.1,29286,391,390,0,0,0,0,0,1
52551,90.7,13.8,7.6,31618,426,426,0,0,0,0,0,0
52552,95,12.4,1.4,31587,839,819,0,0,5,0,0,15
52553,96.1,19.5,7.3,27209,1860,1807,0,0,3,0,0,50
52554,85,10.8,10.1,28717,1277,1261,0,10,0,0,6,0
52555,85.1,13,1.6,26763,357,354,0,1,0,0,2,0
52556,95.5,38.8,7,21506,13433,10702,1006,0,802,0,372,551
52557,100,78.7,0,,82,4,5,0,23,0,50,0
52560,85.8,11.6,3.6,23558,534,502,0,0,0,0,0,32
52561,91.4,12.8,9.7,26806,989,954,0,1,0,0,0,34
52563,90.7,15.8,6.8,29643,1548,1526,18,0,0,0,0,4
52565,91.7,16,4.6,30807,1943,1914,13,7,0,0,0,9
52566,89.3,6.1,7.5,28393,179,179,0,0,0,0,0,0
52567,92.9,11.7,3.6,35972,782,782,0,0,0,0,0,0
52569,91.5,18.8,16.2,26719,579,567,1,0,7,0,0,4
52570,76.7,4.6,2.5,24125,924,878,28,0,0,0,0,18
52571,94.4,15.2,4.4,29605,1632,1616,2,0,0,0,0,14
52572,89.7,16.8,8.6,25750,1179,1150,0,0,0,0,0,29
52573,92.6,40.7,0,28750,80,80,0,0,0,0,0,0
52574,88.9,17.4,4.4,25938,762,758,0,0,0,0,0,4
52576,90.4,19.3,4.7,25260,488,487,0,0,0,0,0,1
52577,91,25.7,6.5,30104,15180,14466,283,14,232,0,80,105
52580,85.6,8.1,1.2,32500,499,488,0,0,0,0,0,11
52581,89.2,19,1,31591,330,328,0,0,2,0,0,0
52583,95.1,18.4,2.3,26250,194,194,0,0,0,0,0,0
52584,75.7,18.1,2.5,31420,484,482,0,0,0,0,0,2
52585,95.7,16.6,5.5,30703,975,975,0,0,0,0,0,0
52586,81.7,22.9,4.8,28750,371,361,0,0,0,0,0,10
52588,100,46.7,0,,29,29,0,0,0,0,0,0
52590,79.7,7.9,4.2,23629,1234,1215,12,0,0,0,0,7
52591,92.3,23,4.5,34583,3149,3028,1,7,34,7,29,43
52593,96.4,13.1,3.9,30313,113,113,0,0,0,0,0,0
52594,92.7,13.9,7.4,41339,384,340,0,0,0,0,0,44
52595,90.3,19.4,7.1,22279,482,381,44,0,0,0,15,42
52601,91.3,20.2,6.3,25877,29315,26284,2042,68,117,0,92,712
52619,89.5,8,2.9,26615,597,597,0,0,0,0,0,0
52620,89.4,6.4,2.8,28942,799,798,0,0,0,0,0,1
52621,94.3,16.7,6.3,30526,588,572,3,0,0,0,0,13
52623,96.1,21.1,2.5,30246,2056,1989,18,0,2,0,0,47
52624,84.2,23,12.3,29914,194,194,0,0,0,0,0,0
52625,95,14.8,3.4,29895,2568,2544,14,0,0,0,0,10
52626,89.4,12.9,3.4,30735,1591,1509,0,0,0,0,0,82
52627,92.5,13.3,8.5,29992,13103,12335,334,0,44,0,58,332
52630,90.9,20.1,2.6,30046,456,455,0,0,0,0,1,0
52632,89.7,16.5,9.8,24715,13184,11831,547,43,89,0,122,552
52635,95,18.5,4.3,24135,762,759,0,2,0,0,1,0
52637,96.6,26.1,1.6,37321,2409,2349,28,0,4,0,0,28
52638,96.7,14.3,2.5,25250,592,552,16,0,6,0,0,18
52639,92.8,11.3,5,28963,1898,1834,12,5,0,0,5,42
52640,88.9,17,1.8,31991,1511,1479,4,18,0,0,0,10
52641,91.6,18.6,4.9,28763,11917,10515,419,41,481,0,207,254
52644,96.7,16,3.8,38472,324,324,0,0,0,0,0,0
52645,95.4,16.8,4.8,32261,3304,3187,0,0,20,11,30,56
52646,94.5,9.8,1.8,27422,379,375,4,0,0,0,0,0
52647,93.2,19.7,5.9,35000,197,191,0,0,0,0,0,6
52649,89,12,11.4,33235,933,913,0,0,5,0,0,15
52650,99.2,15.2,0,35172,805,709,0,0,0,0,0,96
52651,93.8,10.6,3.4,31286,695,689,0,0,0,0,0,6
52653,85.8,12.1,5.6,30081,3413,3342,11,1,4,13,36,6
52654,89.4,22.6,2.6,31616,1557,1515,0,17,14,0,3,8
52655,91.4,14.9,6.4,25079,4606,4232,135,0,50,0,0,189
52656,94.4,14,5.1,31728,2311,2288,0,0,0,0,0,23
52657,96.5,10.5,0,27750,73,73,0,0,0,0,0,0
52658,93.5,13.1,4.7,27500,788,788,0,0,0,0,0,0
52659,91.1,23.3,2.9,30909,1560,1532,0,0,8,0,5,15
52660,100,0,40.5,,171,171,0,0,0,0,0,0
52701,94.6,16.2,0,27188,113,111,0,0,0,0,0,2
52720,95.4,13.4,2.4,33457,940,851,0,0,0,0,12,77
52721,86.3,11.5,1.8,36765,689,652,0,0,34,0,0,3
52722,97.3,48.4,4.2,42467,36393,32334,1198,122,1838,0,411,490
52726,92.3,30.6,1.4,45000,5300,5226,6,11,8,0,5,44
52727,93,15,6.7,43125,239,239,0,0,0,0,0,0
52728,85.1,2.2,3.7,30889,1093,1070,5,12,0,0,2,4
52729,93.4,8.4,1.5,40189,873,864,4,2,0,0,1,2
52730,93.2,16,4.8,31375,4888,4772,0,0,0,0,0,116
52731,93,14,2.2,30368,898,878,2,0,3,0,0,15
52732,90,19.4,5.4,27399,27424,25003,1270,91,203,0,147,710
52737,63.9,8.9,1.6,30294,445,403,0,0,19,0,19,4
52738,76.1,10.4,5,30006,3789,3118,112,12,353,0,175,19
52739,75,9.9,7.9,24375,796,707,0,0,21,0,62,6
52742,94.6,25.6,3.4,35787,7778,7496,1,15,100,0,20,146
52745,91.7,29.2,0.5,35000,634,631,0,0,0,0,0,3
52746,74.9,16.1,0.4,36699,869,851,11,0,0,0,0,7
52747,93.9,22.4,1.1,36496,2233,2177,0,8,5,0,0,43
52748,95.2,31.3,6.8,31287,10235,9904,170,0,0,0,0,161
52749,92.8,17.6,5.7,36406,1164,1160,0,0,0,0,0,4
52750,93.8,17.3,0.9,30972,621,612,0,0,3,0,6,0
52751,97.6,17.9,2.7,36375,924,916,1,0,0,0,0,7
52752,86.9,16.9,3.8,30759,449,440,3,0,3,0,3,0
52753,97.7,37.1,7.9,44260,5505,5195,93,24,15,0,23,155
52754,93.7,30.4,0.8,36607,1374,1369,5,0,0,0,0,0
52755,92.1,21.5,2.9,32955,2037,1996,0,0,4,0,7,30
52756,97,36.2,1.8,37708,2068,1997,58,3,4,0,0,6
52757,92.3,10,5.4,29000,203,190,6,0,0,0,0,7
52758,89.3,25.2,3.8,33750,189,178,0,0,6,0,0,5
52760,100,15.4,0,48355,358,358,0,0,0,0,0,0
52761,86.4,20.7,4.7,30668,30273,27502,732,42,325,0,755,917
52765,97.5,14.8,6.1,29375,418,410,0,0,4,0,0,4
52766,91.2,22.1,0.2,40341,957,938,0,0,6,0,4,9
52767,95.9,30.2,43.6,45568,169,169,0,0,0,0,0,0
52768,94,24.5,3.6,37138,1440,1367,0,0,0,0,5,68
52769,89,20.6,2.5,31856,656,622,10,24,0,0,0,0
52772,93.8,16.8,5.1,34692,4791,4655,35,5,96,0,0,0
52773,92.8,26.7,3.3,37586,2046,1978,9,0,19,0,0,40
52774,96.5,5.9,1.5,31250,119,116,0,0,0,0,0,3
52776,78.8,17.5,5.6,30736,4701,3985,6,0,114,12,354,230
52777,91.3,11.6,3.1,31144,1323,1290,0,0,4,0,0,29
52778,94,26.3,2.4,37535,4374,4337,7,0,0,0,4,26
52801,79.5,28,4.1,26071,1015,735,246,0,0,0,6,28
52802,81.5,9.3,7,26403,10520,8503,1195,55,208,13,168,378
52803,92.2,31.6,4.8,27448,22676,17778,3069,110,514,4,336,865
52804,91.1,20.4,5.1,30847,27007,22795,2348,69,432,0,342,1021
52806,92.8,25.5,5.7,31085,28498,23150,3339,82,739,0,345,843
52807,93.9,42.6,3.1,33750,15054,12757,1497,15,347,0,215,223
56027,88.3,12.8,3.8,28429,872,853,13,0,0,0,4,2
56121,91.5,13.6,5.3,30179,617,581,0,6,3,0,22,5
56168,89.5,10.5,3,30147,820,794,7,0,6,3,4,6
