zipcode,category,sale.dollars,sale.volume
50613,Misc,494165,27993
50613,Whisky,1568696,93104
50613,Rum,809757,57070
50613,Brandy,80056,4982
50613,Amaretto,21811,2194
50613,Vodka,1223595,103382
50613,Gin,135521,10515
50613,Schnapps,301807,20729
50613,Tequila,291477,18308
50613,Distilled Spirits,17062,989
50543,Misc,6449,446
50543,Whisky,33407,2208
50543,Rum,15264,1019
50543,Gin,1698,134
50543,Vodka,18536,1961
50543,Brandy,1773,162
50543,Tequila,3406,169
50543,Amaretto,356,49
50543,Schnapps,5139,386
50543,Distilled Spirits,226,12
50703,Misc,174277,9316
50703,Whisky,744737,43978
50703,Brandy,712442,31844
50703,Rum,254306,16965
50703,Tequila,271832,10835
50703,Gin,218302,16558
50703,Vodka,820483,52511
50703,Amaretto,8009,837
50703,Schnapps,129439,8590
50703,Distilled Spirits,5451,283
52175,Whisky,104745,7999
52175,Gin,3712,338
52175,Vodka,58023,6433
52175,Misc,17764,1160
52175,Rum,42386,3215
52175,Brandy,5190,436
52175,Tequila,10917,712
52175,Amaretto,1713,229
52175,Schnapps,22281,1755
50469,Misc,5342,286
50469,Tequila,1199,73
50469,Rum,17589,1092
50469,Whisky,41925,3472
50469,Distilled Spirits,5,0
50469,Gin,604,45
50469,Vodka,17131,1935
50469,Brandy,2098,199
50469,Schnapps,5008,371
50469,Amaretto,308,46
52144,Whisky,33047,2459
52144,Gin,1132,143
52144,Vodka,12680,1467
52144,Misc,5239,302
52144,Rum,17239,1125
52144,Brandy,4799,440
52144,Amaretto,670,80
52144,Tequila,2271,128
52144,Schnapps,10895,991
52172,Brandy,31885,2940
52172,Rum,100191,6562
52172,Tequila,17798,1118
52172,Misc,57855,3485
52172,Whisky,230471,17016
52172,Gin,8527,676
52172,Vodka,122120,12081
52172,Amaretto,1929,197
52172,Schnapps,68361,5219
52172,Distilled Spirits,3124,218
50314,Vodka,2493508,164233
50314,Misc,921755,49075
50314,Brandy,668284,24154
50314,Whisky,2836952,129752
50314,Amaretto,30278,2828
50314,Tequila,933206,47630
50314,Rum,928567,64542
50314,Schnapps,428490,31381
50314,Distilled Spirits,16262,1571
50314,Gin,327414,21881
52632,Misc,178004,9237
52632,Whisky,701182,39023
52632,Amaretto,7819,836
52632,Rum,286410,20364
52632,Vodka,417977,38449
52632,Tequila,126511,7003
52632,Schnapps,162382,12078
52632,Brandy,42891,2659
52632,Gin,34091,2928
52632,Distilled Spirits,24655,2898
50583,Misc,18973,1196
50583,Vodka,52010,5387
50583,Tequila,16000,963
50583,Whisky,139390,11544
50583,Rum,48721,3405
50583,Distilled Spirits,2645,283
50583,Gin,4814,404
50583,Brandy,6992,652
50583,Amaretto,2444,352
50583,Schnapps,13816,1224
51632,Misc,38791,2593
51632,Amaretto,2083,181
51632,Whisky,185204,11390
51632,Brandy,4378,357
51632,Vodka,63641,6086
51632,Tequila,21346,1406
51632,Distilled Spirits,3386,242
51632,Gin,6867,714
51632,Rum,60422,4092
51632,Schnapps,15440,1149
50273,Misc,50883,3334
50273,Amaretto,1501,156
50273,Whisky,249959,16216
50273,Tequila,35575,2768
50273,Vodka,125452,12384
50273,Brandy,9143,686
50273,Rum,69049,5024
50273,Schnapps,18401,1233
50273,Distilled Spirits,4880,368
50273,Gin,11558,945
51360,Gin,70165,5131
51360,Misc,193517,11912
51360,Whisky,730796,50561
51360,Vodka,510885,47269
51360,Brandy,29959,2145
51360,Rum,370199,26078
51360,Tequila,113339,8131
51360,Distilled Spirits,19731,2211
51360,Amaretto,6929,743
51360,Schnapps,94133,6423
50009,Misc,214560,12823
50009,Whisky,738673,43028
50009,Tequila,145529,10411
50009,Gin,49068,3513
50009,Vodka,599751,50122
50009,Rum,341864,24537
50009,Brandy,36787,2086
50009,Amaretto,10629,899
50009,Schnapps,64271,4759
50312,Whisky,542123,22315
50312,Misc,126576,5399
50312,Vodka,357884,28281
50312,Tequila,60844,3050
50312,Brandy,62867,2331
50312,Rum,84918,5709
50312,Distilled Spirits,3054,133
50312,Gin,72731,4289
50312,Amaretto,3624,193
50312,Schnapps,11984,919
50220,Whisky,203976,15786
50220,Rum,85832,6157
50220,Misc,35752,2547
50220,Schnapps,14769,1207
52240,Whisky,2570690,132464
52240,Misc,705288,42334
52240,Brandy,316818,12587
52240,Tequila,578611,32442
52240,Distilled Spirits,30737,2595
52240,Gin,351552,24118
52240,Vodka,2317104,185421
52240,Rum,891421,67628
52240,Amaretto,22241,1888
52240,Schnapps,298110,21747
50588,Whisky,598877,41254
50588,Misc,124911,7655
50588,Vodka,289423,27167
50588,Rum,232999,17301
50588,Brandy,121982,5467
50588,Tequila,119398,6301
50588,Gin,43111,3747
50588,Distilled Spirits,4745,220
50588,Amaretto,5600,649
50588,Schnapps,54168,4102
50841,Misc,13064,780
50841,Whisky,103643,7006
50841,Vodka,25321,2686
50841,Schnapps,7172,518
50841,Tequila,9413,712
50841,Distilled Spirits,1044,68
50841,Gin,2333,212
50841,Rum,14309,985
50841,Brandy,2900,249
50841,Amaretto,450,60
52136,Misc,59437,3500
52136,Whisky,215383,15916
52136,Brandy,26187,2376
52136,Rum,113311,8130
52136,Vodka,121868,13531
52136,Tequila,25459,1637
52136,Gin,11508,925
52136,Distilled Spirits,1287,60
52136,Amaretto,2318,269
52136,Schnapps,65022,4992
51601,Misc,79800,4487
51601,Whisky,320190,19436
51601,Rum,104230,7501
51601,Vodka,125589,11932
51601,Schnapps,27732,2149
51601,Gin,14762,1194
51601,Brandy,8538,649
51601,Tequila,57753,4093
51601,Amaretto,2214,252
51601,Distilled Spirits,3027,157
52001,Misc,314314,18577
52001,Whisky,1233422,74803
52001,Rum,632085,44121
52001,Brandy,302518,13061
52001,Tequila,210489,10911
52001,Gin,120341,8952
52001,Vodka,1100610,94236
52001,Amaretto,20225,1842
52001,Schnapps,197965,13346
52001,Distilled Spirits,23521,2545
50309,Whisky,77193,5182
50309,Gin,8715,772
50309,Vodka,116843,11422
50309,Rum,17955,1109
50309,Brandy,26790,1043
50309,Amaretto,106,4
50309,Misc,6810,273
50309,Tequila,7127,243
51560,Misc,7587,458
51560,Whisky,46955,3035
51560,Gin,1967,177
51560,Vodka,24855,2913
51560,Rum,13917,912
51560,Brandy,2935,234
51560,Tequila,3731,167
51560,Schnapps,3380,320
51560,Amaretto,680,98
50125,Misc,161232,9235
50125,Vodka,354088,33467
50125,Whisky,533120,33415
50125,Rum,231150,16723
50125,Brandy,19777,1547
50125,Tequila,72157,5253
50125,Distilled Spirits,9511,434
50125,Gin,37263,3145
50125,Amaretto,4713,554
50125,Schnapps,52970,3566
50115,Brandy,1483,113
50115,Whisky,40376,3090
50115,Gin,1863,190
50115,Vodka,17148,1664
50115,Misc,4355,317
50115,Rum,10400,679
50115,Tequila,1592,126
50115,Amaretto,189,20
50115,Schnapps,3526,304
50115,Distilled Spirits,142,6
50441,Misc,42325,2417
50441,Whisky,185032,14134
50441,Brandy,14864,1282
50441,Rum,62540,4780
50441,Vodka,78085,8350
50441,Tequila,35062,1708
50441,Gin,7065,630
50441,Amaretto,1541,198
50441,Schnapps,24000,1939
50441,Distilled Spirits,2173,122
52003,Misc,145187,8622
52003,Whisky,475570,27439
52003,Vodka,354366,27950
52003,Brandy,34047,2146
52003,Rum,254638,17609
52003,Tequila,101516,5819
52003,Distilled Spirits,16425,2170
52003,Gin,38686,2893
52003,Amaretto,6575,753
52003,Schnapps,93824,6533
50597,Misc,7716,452
50597,Vodka,17268,1667
50597,Whisky,65462,6262
50597,Rum,19822,1481
50597,Schnapps,4927,372
50597,Tequila,2572,177
50597,Distilled Spirits,395,18
50597,Gin,950,91
50597,Brandy,5427,508
50597,Amaretto,259,34
52205,Vodka,148315,16417
52205,Misc,55608,3160
52205,Whisky,224886,16470
52205,Gin,7868,688
52205,Rum,106719,7642
52205,Brandy,10324,762
52205,Tequila,25349,1732
52205,Amaretto,1442,182
52205,Schnapps,37267,2982
52205,Distilled Spirits,2898,200
50606,Misc,852,48
50606,Whisky,16150,1430
50606,Distilled Spirits,91,3
50606,Gin,747,113
50606,Vodka,3671,482
50606,Rum,3338,304
50606,Brandy,1378,126
50606,Tequila,371,21
50606,Schnapps,2271,211
50606,Amaretto,9,1
50010,Misc,619504,36462
50010,Tequila,370111,23588
50010,Vodka,1649416,140290
50010,Whisky,2446231,138567
50010,Rum,1014614,76132
50010,Brandy,176572,9343
50010,Schnapps,208793,14812
50010,Distilled Spirits,68039,7284
50010,Gin,241578,17743
50010,Amaretto,28370,2587
50021,Misc,293936,17265
50021,Tequila,210297,15818
50021,Whisky,1108982,62969
50021,Brandy,60927,3706
50021,Rum,444664,31604
50021,Vodka,840631,71929
50021,Schnapps,80686,5565
50021,Distilled Spirits,20415,1583
50021,Gin,92151,6946
50021,Amaretto,15868,1317
50036,Misc,101395,5963
50036,Tequila,44677,2952
50036,Whisky,518468,35650
50036,Vodka,256142,25128
50036,Brandy,26379,2034
50036,Rum,172642,12360
50036,Distilled Spirits,7551,484
50036,Gin,28123,2326
50036,Amaretto,5104,430
50036,Schnapps,55927,4121
52601,Misc,200530,11289
52601,Tequila,127055,6555
52601,Whisky,821853,48027
52601,Rum,300999,21105
52601,Vodka,674324,56872
52601,Brandy,206516,8728
52601,Distilled Spirits,22726,1898
52601,Gin,69725,5627
52601,Amaretto,8614,861
52601,Schnapps,121629,9919
52405,Misc,151704,9534
52405,Vodka,502439,48614
52405,Whisky,594290,39732
52405,Rum,262456,19145
52405,Schnapps,93767,7282
52405,Tequila,88596,5277
52405,Distilled Spirits,5384,251
52405,Gin,43135,3732
52405,Brandy,111797,5943
52405,Amaretto,4530,408
52404,Misc,303399,17541
52404,Tequila,194734,12111
52404,Whisky,1099292,73300
52404,Rum,519969,39104
52404,Schnapps,125343,9393
52404,Distilled Spirits,18905,785
52404,Gin,77005,6060
52404,Vodka,963510,88896
52404,Brandy,288681,12057
52404,Amaretto,12303,1130
52403,Misc,75201,4937
52403,Whisky,359304,21158
52403,Rum,119966,8702
52403,Vodka,344368,29752
52403,Tequila,57909,3443
52403,Gin,57736,4410
52403,Brandy,89325,4068
52403,Amaretto,2824,274
52403,Distilled Spirits,2987,146
52403,Schnapps,23990,1902
52402,Whisky,2599135,151621
52402,Gin,257312,18869
52402,Vodka,2136245,183637
52402,Misc,835738,55884
52402,Rum,1038945,75577
52402,Brandy,483852,21002
52402,Tequila,565728,35214
52402,Schnapps,394200,27622
52402,Amaretto,32623,2902
52302,Misc,190676,12430
52302,Rum,294736,21436
52302,Vodka,587170,55849
52302,Whisky,713346,44739
52302,Gin,54846,4058
52302,Brandy,57301,3693
52302,Tequila,110636,8197
52302,Amaretto,7643,708
52302,Schnapps,78664,5700
52302,Distilled Spirits,11719,559
50401,Misc,353126,22703
50401,Whisky,1275480,88557
50401,Vodka,946719,90501
50401,Rum,501497,37735
50401,Schnapps,156740,11883
50401,Brandy,127233,8179
50401,Tequila,273156,18353
50401,Distilled Spirits,15671,788
50401,Gin,86816,6514
50401,Amaretto,16341,1640
50208,Misc,136062,8109
50208,Whisky,548472,36278
50208,Brandy,42500,2313
50208,Rum,206826,16142
50208,Tequila,87679,6113
50208,Distilled Spirits,18640,1252
50208,Gin,30571,2620
50208,Vodka,321317,31661
50208,Amaretto,8193,1029
50208,Schnapps,50078,4048
51566,Gin,15556,1325
51566,Misc,58004,3413
51566,Whisky,255712,16798
51566,Rum,65852,4793
51566,Vodka,109222,11057
51566,Tequila,27694,1674
51566,Schnapps,26272,2376
51566,Distilled Spirits,5795,293
51566,Brandy,12379,1074
51566,Amaretto,1411,136
50265,Misc,337946,19709
50265,Vodka,1203740,96988
50265,Whisky,1352714,70778
50265,Brandy,91008,4747
50265,Rum,434554,30681
50265,Schnapps,95694,6522
50265,Tequila,222664,14041
50265,Gin,143979,10078
50265,Distilled Spirits,16072,757
50265,Amaretto,10452,822
52544,Misc,67209,3744
52544,Amaretto,5024,484
52544,Whisky,287462,18187
52544,Vodka,149882,14820
52544,Rum,97166,7131
52544,Brandy,11114,873
52544,Schnapps,43034,3561
52544,Tequila,33634,2518
52544,Distilled Spirits,3923,183
52544,Gin,12083,1062
50315,Misc,188833,11955
50315,Whisky,815037,51806
50315,Vodka,711416,65058
50315,Rum,299473,21948
50315,Brandy,215347,9138
50315,Tequila,155389,8104
50315,Gin,55746,4755
50315,Distilled Spirits,14819,948
50315,Amaretto,6911,663
50315,Schnapps,59824,4224
50317,Misc,261715,15503
50317,Whisky,1265400,77969
50317,Brandy,189678,8873
50317,Rum,400216,28092
50317,Tequila,217583,11852
50317,Distilled Spirits,23621,1089
50317,Gin,72559,5997
50317,Vodka,887496,78306
50317,Amaretto,9631,846
50317,Schnapps,104697,7654
50322,Misc,264555,14657
50322,Tequila,156095,10296
50322,Whisky,1044846,53052
50322,Gin,85235,5969
50322,Vodka,816086,65354
50322,Rum,348365,23575
50322,Brandy,79508,3720
50322,Amaretto,9438,631
50322,Schnapps,53664,3622
50322,Distilled Spirits,11552,543
50501,Misc,311091,18612
50501,Whisky,1075279,72010
50501,Gin,77120,6247
50501,Vodka,765717,69201
50501,Rum,497065,35139
50501,Brandy,154123,8374
50501,Tequila,198734,12193
50501,Amaretto,15405,1559
50501,Schnapps,146531,10138
50501,Distilled Spirits,15290,796
50702,Vodka,898490,77193
50702,Misc,385259,23055
50702,Whisky,1274530,81772
50702,Tequila,277411,15559
50702,Brandy,237794,12130
50702,Amaretto,19816,1948
50702,Rum,522571,37144
50702,Schnapps,188889,12769
50702,Distilled Spirits,82856,10877
50702,Gin,126977,9758
50126,Misc,76471,4412
50126,Whisky,339825,21813
50126,Rum,121944,8518
50126,Brandy,14774,950
50126,Vodka,159634,15225
50126,Schnapps,37908,2750
50126,Tequila,45272,3047
50126,Distilled Spirits,7836,664
50126,Gin,18153,1321
50126,Amaretto,4323,439
52501,Misc,211174,11957
52501,Whisky,884936,53345
52501,Tequila,157846,9062
52501,Rum,347570,23903
52501,Brandy,66388,3810
52501,Vodka,466458,44531
52501,Schnapps,153587,11431
52501,Distilled Spirits,21288,1927
52501,Gin,48704,3898
52501,Amaretto,8441,802
50158,Vodka,573493,53077
50158,Misc,248326,15064
50158,Amaretto,9047,913
50158,Whisky,1034709,63752
50158,Brandy,136363,6713
50158,Rum,337545,24477
50158,Schnapps,104914,8199
50158,Tequila,190658,8956
50158,Distilled Spirits,20345,1933
50158,Gin,73943,5965
52245,Whisky,180584,9341
52245,Misc,39083,2213
52245,Brandy,14495,940
52245,Rum,41913,3020
52245,Vodka,118310,10539
52245,Schnapps,7970,600
52245,Tequila,25833,1519
52245,Distilled Spirits,1784,90
52245,Gin,28482,2073
52245,Amaretto,868,75
50009,Distilled Spirits,11623,501
50213,Misc,44648,2702
50213,Whisky,241498,15847
50213,Brandy,11937,835
50213,Rum,81071,5748
50213,Vodka,111002,10968
50213,Tequila,35324,2359
50213,Distilled Spirits,4041,188
50213,Gin,11345,1030
50213,Amaretto,2515,232
50213,Schnapps,21115,1815
50049,Vodka,75040,6887
50049,Misc,36050,2168
50049,Whisky,160687,10395
50049,Brandy,7262,583
50049,Rum,48343,3524
50049,Tequila,13575,898
50049,Distilled Spirits,3021,136
50049,Gin,6138,521
50049,Amaretto,1303,99
50049,Schnapps,18500,1473
50801,Misc,81314,4657
50801,Whisky,400481,25886
50801,Rum,115700,8396
50801,Brandy,16488,1418
50801,Tequila,39844,2767
50801,Gin,20680,1884
50801,Vodka,160242,16542
50801,Distilled Spirits,5071,235
50801,Amaretto,7491,792
50801,Schnapps,39779,3302
52802,Misc,37310,2135
52802,Whisky,246695,16316
52802,Gin,43455,3889
52802,Vodka,286314,27139
52802,Rum,85339,6342
52802,Brandy,163141,6951
52802,Tequila,56607,2170
52802,Schnapps,32539,2616
52802,Amaretto,867,105
52802,Distilled Spirits,1664,77
51334,Misc,46289,2826
51334,Whisky,211886,15471
51334,Brandy,10941,769
51334,Rum,113016,8278
51334,Vodka,117535,12985
51334,Tequila,25339,1412
51334,Distilled Spirits,3402,151
51334,Gin,7734,768
51334,Amaretto,2165,247
51334,Schnapps,24879,1933
52641,Misc,99507,5203
52641,Tequila,47377,3100
52641,Whisky,391370,24298
52641,Vodka,232506,21220
52641,Brandy,39222,2340
52641,Schnapps,52435,3928
52641,Rum,132003,9054
52641,Distilled Spirits,8180,354
52641,Gin,24161,2116
52641,Amaretto,2498,293
52531,Misc,26994,1641
52531,Rum,41917,2808
52531,Whisky,127516,8813
52531,Gin,4293,370
52531,Vodka,52790,5097
52531,Brandy,6182,453
52531,Tequila,11043,724
52531,Amaretto,1542,176
52531,Schnapps,14405,1077
52531,Distilled Spirits,1713,84
50321,Vodka,472433,41819
50321,Gin,55345,4033
50321,Misc,151215,7795
50321,Whisky,570834,30671
50321,Brandy,41378,2054
50321,Rum,167412,11987
50321,Schnapps,30538,2153
50321,Tequila,90567,5705
50321,Distilled Spirits,7587,332
50321,Amaretto,3923,309
50701,Misc,209455,12302
50701,Tequila,159109,9148
50701,Whisky,655470,39624
50701,Brandy,227170,10984
50701,Rum,260853,18673
50701,Vodka,568892,47591
50701,Distilled Spirits,15162,1204
50701,Gin,82203,6469
50701,Amaretto,6158,684
50701,Schnapps,92853,6642
51301,Misc,124469,7804
51301,Tequila,57679,3811
51301,Vodka,305752,31635
51301,Whisky,599154,45242
51301,Brandy,35779,2903
51301,Rum,213144,16539
51301,Amaretto,6718,712
51301,Schnapps,52759,3956
51301,Distilled Spirits,16864,1687
51301,Gin,36639,2960
50138,Misc,70690,4259
50138,Whisky,301763,19600
50138,Brandy,17357,1275
50138,Rum,132463,9764
50138,Vodka,171504,16418
50138,Schnapps,32721,2458
50138,Tequila,39944,2455
50138,Distilled Spirits,11202,794
50138,Gin,15323,1243
50138,Amaretto,3663,401
52806,Tequila,98334,6139
52806,Vodka,444049,42079
52806,Misc,141640,8430
52806,Amaretto,6625,608
52806,Whisky,468156,29854
52806,Rum,254653,18320
52806,Distilled Spirits,6517,308
52806,Gin,45408,3924
52806,Brandy,109406,5441
52806,Schnapps,57547,4139
52402,Distilled Spirits,117110,14578
52761,Misc,268681,16099
52761,Whisky,897717,53908
52761,Brandy,63424,4277
52761,Rum,420979,30156
52761,Vodka,588860,56239
52761,Schnapps,132058,10083
52761,Tequila,159933,9703
52761,Distilled Spirits,15473,750
52761,Gin,63699,5220
52761,Amaretto,10617,1093
50616,Misc,82031,4845
50616,Vodka,185119,18694
50616,Tequila,47353,3015
50616,Whisky,330458,23726
50616,Brandy,55284,2897
50616,Rum,137225,9735
50616,Amaretto,5217,631
50616,Distilled Spirits,2872,130
50616,Gin,17048,1506
50616,Schnapps,64939,5131
50112,Misc,83768,4527
50112,Whisky,395240,24638
50112,Gin,31114,2351
50112,Vodka,212289,19623
50112,Rum,127350,9207
50112,Brandy,23705,1710
50112,Tequila,49932,3231
50112,Amaretto,3703,387
50112,Schnapps,33394,2402
50112,Distilled Spirits,4850,238
52353,Rum,160095,11301
52353,Whisky,480771,29987
52353,Gin,25984,1975
52353,Vodka,202383,17454
52353,Misc,112227,6009
52353,Brandy,27811,1759
52353,Tequila,55468,3166
52353,Amaretto,3976,440
52353,Schnapps,61766,4778
52353,Distilled Spirits,7211,673
52627,Misc,99121,5190
52627,Whisky,410538,26416
52627,Vodka,223387,22018
52627,Brandy,42415,2584
52627,Distilled Spirits,4453,210
52627,Gin,19499,1810
52627,Rum,131282,9844
52627,Tequila,53254,2867
52627,Amaretto,2489,250
52627,Schnapps,64939,4898
50511,Misc,87003,5355
50511,Whisky,408881,30645
50511,Vodka,162468,15423
50511,Brandy,23793,1961
50511,Rum,150326,11255
50511,Tequila,40632,2977
50511,Distilled Spirits,7122,608
50511,Gin,15826,1249
50511,Amaretto,4269,486
50511,Schnapps,48546,3812
50131,Misc,107804,6936
50131,Whisky,441035,24496
50131,Rum,159502,11001
50131,Brandy,23027,1455
50131,Vodka,360300,29370
50131,Tequila,67081,4892
50131,Gin,41965,2800
50131,Amaretto,4992,439
50131,Schnapps,25719,1900
50131,Distilled Spirits,4831,214
50022,Tequila,53687,3635
50022,Misc,101436,5471
50022,Whisky,454152,30570
50022,Rum,137736,10158
50022,Vodka,186212,18284
50022,Distilled Spirits,6561,310
50022,Gin,21140,1892
50022,Brandy,12981,1043
50022,Amaretto,2578,262
50022,Schnapps,36294,2876
51401,Misc,153454,8660
51401,Whisky,868195,61692
51401,Brandy,26627,1937
51401,Rum,432194,30582
51401,Vodka,341719,30161
51401,Tequila,74491,4522
51401,Distilled Spirits,27100,3281
51401,Gin,28575,2285
51401,Amaretto,9582,1204
51401,Schnapps,77124,5684
51106,Misc,345379,19033
51106,Amaretto,16679,1391
51106,Whisky,1278518,83304
51106,Rum,477455,33577
51106,Tequila,254542,15934
51106,Vodka,627692,53845
51106,Distilled Spirits,23387,2290
51106,Gin,61359,4109
51106,Brandy,94631,5375
51106,Schnapps,181817,12068
51442,Misc,84709,4868
51442,Tequila,72701,3682
51442,Whisky,460831,33369
51442,Brandy,30536,1929
51442,Vodka,182684,17771
51442,Rum,189255,13606
51442,Schnapps,63509,4781
51442,Distilled Spirits,11069,1272
51442,Gin,17735,1528
51442,Amaretto,4893,502
51012,Misc,57580,3829
51012,Tequila,26964,1510
51012,Whisky,290255,21623
51012,Brandy,19053,1505
51012,Rum,100444,6985
51012,Distilled Spirits,7517,798
51012,Gin,17069,1433
51012,Vodka,112432,11275
51012,Amaretto,1817,229
51012,Schnapps,35763,2536
52241,Misc,502356,26859
52241,Whisky,1812350,84017
52241,Brandy,180339,7515
52241,Rum,543617,37057
52241,Vodka,1290453,92663
52241,Schnapps,149585,9936
52241,Tequila,419865,23814
52241,Gin,213464,12520
52241,Amaretto,22690,1480
52241,Distilled Spirits,11553,543
52577,Misc,104526,6300
52577,Vodka,265644,25400
52577,Whisky,452791,27758
52577,Distilled Spirits,13900,1267
52577,Gin,24035,1985
52577,Rum,162188,11737
52577,Brandy,35986,2497
52577,Tequila,59290,3939
52577,Amaretto,7385,783
52577,Schnapps,59708,4697
52556,Gin,21218,1556
52556,Misc,71499,4118
52556,Whisky,307302,17641
52556,Rum,125181,9091
52556,Brandy,17039,1102
52556,Vodka,178949,16470
52556,Schnapps,31685,2481
52556,Tequila,45192,2406
52556,Distilled Spirits,5203,234
52556,Amaretto,3710,360
50595,Misc,56268,3967
50595,Whisky,276170,20520
50595,Brandy,29862,1745
50595,Rum,93975,6889
50595,Vodka,143920,15565
50595,Schnapps,28597,2194
50595,Tequila,38052,2577
50595,Distilled Spirits,3115,164
50595,Gin,12540,1153
50595,Amaretto,2129,238
52722,Misc,552423,29876
52722,Whisky,1550919,76875
52722,Tequila,433878,22050
52722,Vodka,1304133,99918
52722,Rum,588841,41913
52722,Brandy,69176,4090
52722,Schnapps,290953,19110
52722,Distilled Spirits,9208,437
52722,Gin,184589,12104
52722,Amaretto,22200,2181
51031,Misc,119371,6620
51031,Whisky,519089,35579
51031,Brandy,30911,2628
51031,Rum,218329,15011
51031,Vodka,226007,19487
51031,Tequila,74429,5181
51031,Distilled Spirits,5500,286
51031,Gin,24907,1891
51031,Amaretto,4279,411
51031,Schnapps,74943,5811
50548,Misc,52570,3473
50548,Tequila,27405,1941
50548,Whisky,249570,18585
50548,Brandy,12867,1149
50548,Rum,98193,7061
50548,Gin,7677,706
50548,Vodka,110381,11300
50548,Distilled Spirits,2495,115
50548,Amaretto,3261,367
50548,Schnapps,27552,1864
50220,Vodka,124721,13042
50220,Gin,9682,859
50220,Brandy,13233,1059
50220,Tequila,35876,2041
50220,Amaretto,1431,128
50220,Distilled Spirits,3238,160
51501,Misc,568301,30934
51501,Whisky,1896895,105167
51501,Vodka,1061322,92050
51501,Rum,686544,48053
51501,Brandy,139019,7263
51501,Schnapps,275186,18064
51501,Tequila,360272,18706
51501,Distilled Spirits,43550,4757
51501,Gin,115294,7845
51501,Amaretto,28638,2685
52807,Misc,581539,33319
52807,Vodka,1420025,114653
52807,Brandy,185469,9271
52807,Whisky,1889138,101959
52807,Amaretto,34539,3147
52807,Tequila,457964,28907
52807,Rum,670079,47869
52807,Schnapps,217854,15078
52807,Distilled Spirits,32483,2897
52807,Gin,207928,14720
52732,Misc,277511,18361
52732,Whisky,693546,41960
52732,Vodka,586745,53848
52732,Brandy,122371,6421
52732,Rum,415866,31085
52732,Tequila,201511,13107
52732,Distilled Spirits,10297,617
52732,Gin,56447,4918
52732,Amaretto,14577,1649
52732,Schnapps,222961,15637
50266,Vodka,1649607,116971
50266,Misc,566588,28157
50266,Tequila,333131,20476
50266,Whisky,2282625,104254
50266,Rum,625678,42205
50266,Schnapps,64412,4326
50266,Brandy,98135,4719
50266,Distilled Spirits,10819,480
50266,Gin,271966,14686
50266,Amaretto,27142,1552
50311,Whisky,2129694,123596
50311,Misc,555746,32665
50311,Rum,635536,47200
50311,Tequila,451129,28574
50311,Distilled Spirits,63339,7847
50311,Gin,211436,15157
50311,Vodka,1393994,123768
50311,Brandy,219292,11180
50311,Amaretto,26203,2269
50311,Schnapps,162767,11698
51105,Misc,85496,5005
51105,Vodka,211189,20142
51105,Whisky,332554,21908
51105,Brandy,40479,2580
51105,Rum,138078,10103
51105,Schnapps,69660,4849
51105,Tequila,66844,3312
51105,Distilled Spirits,3392,159
51105,Gin,23881,1872
51105,Amaretto,2787,272
51104,Vodka,267500,21812
51104,Misc,120509,7490
51104,Whisky,388254,22133
51104,Brandy,39572,2387
51104,Rum,174142,12741
51104,Tequila,92664,5534
51104,Gin,38896,2714
51104,Distilled Spirits,4060,332
51104,Amaretto,4911,412
51104,Schnapps,60533,3918
52002,Vodka,380225,33069
52002,Misc,182442,10709
52002,Amaretto,9142,862
52002,Tequila,67090,4700
52002,Whisky,585003,37002
52002,Rum,235892,16790
52002,Brandy,54535,3255
52002,Schnapps,66582,4850
52002,Distilled Spirits,14800,1753
52002,Gin,45197,3631
52804,Whisky,1203304,66327
52804,Vodka,978624,82249
52804,Misc,354340,19883
52804,Tequila,405480,21632
52804,Brandy,304888,12995
52804,Rum,483640,35363
52804,Amaretto,13660,1504
52804,Schnapps,263035,18877
52804,Distilled Spirits,28783,2806
52804,Gin,110267,8760
50310,Misc,92482,6104
50310,Brandy,235500,11177
50310,Vodka,653191,54461
50310,Amaretto,4811,394
50310,Whisky,547775,35019
50310,Rum,201231,15000
50310,Schnapps,31294,2207
50310,Tequila,103726,6109
50310,Distilled Spirits,7062,398
50310,Gin,79184,6666
50627,Misc,12857,836
50627,Whisky,108891,8188
50627,Gin,6638,602
50627,Vodka,63218,7421
50627,Rum,32957,2353
50627,Brandy,6333,571
50627,Tequila,5730,417
50627,Amaretto,1200,146
50627,Schnapps,8022,646
50627,Distilled Spirits,397,33
51503,Misc,392538,23830
51503,Whisky,1196722,69509
51503,Vodka,764593,69941
51503,Brandy,58836,3811
51503,Rum,531769,38580
51503,Amaretto,17079,1596
51503,Schnapps,178852,11999
51503,Tequila,298704,16693
51503,Distilled Spirits,19291,1214
51503,Gin,84779,6747
50320,Vodka,2264991,156219
50320,Whisky,2886165,142765
50320,Misc,999433,52762
50320,Brandy,218665,8334
50320,Rum,1091342,77700
50320,Tequila,1172107,65671
50320,Distilled Spirits,28808,2649
50320,Gin,291539,19396
50320,Amaretto,32765,3279
50320,Schnapps,553304,39494
50014,Tequila,21752,1176
50014,Whisky,164178,9850
50014,Gin,10825,1013
50014,Vodka,121142,10447
50014,Misc,43093,2369
50014,Rum,96367,7940
50014,Brandy,11068,419
50014,Amaretto,2471,324
50014,Schnapps,29681,2387
50014,Distilled Spirits,1245,69
50219,Misc,86536,5220
50219,Whisky,318265,18538
50219,Vodka,182107,15479
50219,Rum,134545,9687
50219,Brandy,15744,1010
50219,Tequila,61980,4304
50219,Distilled Spirits,5252,232
50219,Gin,23316,1937
50219,Amaretto,5639,608
50219,Schnapps,35295,2437
52411,Vodka,253830,19923
52411,Whisky,322749,15788
52411,Misc,123365,8017
52411,Brandy,19347,1377
52411,Rum,125430,8987
52411,Tequila,74321,4545
52411,Distilled Spirits,5452,231
52411,Gin,38317,2491
52411,Amaretto,3510,243
52411,Schnapps,27516,2094
51537,Misc,58511,3392
51537,Vodka,130789,12612
51537,Whisky,317777,21005
51537,Brandy,11257,874
51537,Rum,133176,9941
51537,Amaretto,2298,274
51537,Tequila,39204,2576
51537,Distilled Spirits,2589,121
51537,Gin,10047,656
51537,Schnapps,36161,2632
50677,Misc,114615,7037
50677,Vodka,304344,28575
50677,Tequila,71390,4899
50677,Brandy,30233,2381
50677,Whisky,514609,35259
50677,Rum,233452,17303
50677,Distilled Spirits,6104,394
50677,Gin,31265,2469
50677,Amaretto,5382,547
50677,Schnapps,66754,5165
50833,Whisky,30677,2173
50833,Gin,428,51
50833,Vodka,9896,1047
50833,Misc,4036,290
50833,Rum,9052,588
50833,Brandy,409,32
50833,Tequila,1377,78
50833,Amaretto,512,37
50833,Schnapps,2933,250
50833,Distilled Spirits,269,12
50854,Misc,15809,1116
50854,Whisky,64896,4424
50854,Vodka,24291,2493
50854,Brandy,2324,220
50854,Rum,12194,920
50854,Gin,2131,203
50854,Tequila,5716,418
50854,Amaretto,1355,152
50854,Schnapps,9758,822
50854,Distilled Spirits,798,42
50060,Misc,8357,584
50060,Whisky,42753,2908
50060,Gin,2583,245
50060,Vodka,16445,1588
50060,Rum,11890,885
50060,Brandy,1401,135
50060,Tequila,2999,210
50060,Schnapps,6162,555
50060,Distilled Spirits,655,34
50060,Amaretto,762,52
51250,Misc,56836,3289
51250,Tequila,31820,1918
51250,Whisky,246690,17243
51250,Brandy,12248,879
51250,Rum,137058,9465
51250,Vodka,124714,11548
51250,Gin,9627,850
51250,Amaretto,4945,402
51250,Schnapps,35295,2737
51250,Distilled Spirits,3167,144
51201,Vodka,117169,11444
51201,Misc,66625,4364
51201,Amaretto,3419,366
51201,Whisky,329895,25017
51201,Rum,153026,10729
51201,Brandy,27067,2253
51201,Schnapps,44051,3723
51201,Tequila,32394,1933
51201,Distilled Spirits,6323,480
51201,Gin,19121,1660
50263,Misc,120574,6929
50263,Vodka,340306,24912
50263,Whisky,443719,21583
50263,Amaretto,3543,244
50263,Rum,137193,9058
50263,Brandy,15928,993
50263,Schnapps,22087,1582
50263,Tequila,76630,5383
50263,Distilled Spirits,6961,293
50263,Gin,36648,2255
50023,Misc,121150,6741
50023,Amaretto,5348,400
50023,Whisky,535147,27417
50023,Brandy,20192,1215
50023,Rum,201413,13812
50023,Tequila,78935,5063
50023,Vodka,393186,30911
50023,Distilled Spirits,8075,368
50023,Gin,37474,2542
50023,Schnapps,24856,1761
50144,Rum,9223,694
50144,Whisky,48149,2909
50144,Gin,951,84
50144,Vodka,15536,1744
50144,Misc,6647,331
50144,Brandy,1308,118
50144,Tequila,3033,218
50144,Amaretto,646,50
50144,Schnapps,8317,614
50144,Distilled Spirits,378,16
50129,Vodka,71710,6911
50129,Misc,29860,1885
50129,Rum,68204,4972
50129,Tequila,16485,1174
50129,Whisky,141559,9576
50129,Distilled Spirits,1916,83
50129,Gin,8214,632
50129,Brandy,4149,306
50129,Amaretto,1706,180
50129,Schnapps,15663,1128
50313,Misc,24779,1770
50313,Whisky,187732,12425
50313,Brandy,56674,2370
50313,Gin,7360,598
50313,Vodka,171547,17694
50313,Rum,61704,4498
50313,Tequila,25286,1376
50313,Amaretto,764,72
50313,Schnapps,5752,378
50313,Distilled Spirits,2434,119
50323,Whisky,31740,1827
50323,Gin,1762,112
50323,Vodka,30181,2308
50323,Rum,12733,831
50323,Brandy,1061,64
50323,Misc,2775,115
50323,Tequila,1731,85
50323,Amaretto,62,6
50323,Schnapps,846,59
50323,Distilled Spirits,423,19
50316,Misc,51424,3065
50316,Whisky,301990,17899
50316,Rum,92802,6954
50316,Gin,36209,3030
50316,Vodka,338836,26016
50316,Brandy,241174,9088
50316,Tequila,201011,7671
50316,Amaretto,1754,204
50316,Schnapps,16488,1139
50316,Distilled Spirits,3646,182
50325,Misc,52240,3068
50325,Rum,92146,6439
50325,Brandy,45898,1741
50325,Vodka,226726,18244
50325,Whisky,229473,13164
50325,Gin,26187,1792
50325,Tequila,43990,2883
50325,Amaretto,1604,119
50325,Schnapps,12754,862
50325,Distilled Spirits,1906,77
51449,Whisky,52981,4392
51449,Gin,3402,349
51449,Vodka,19281,2218
51449,Misc,7639,462
51449,Rum,20528,1452
51449,Brandy,2605,239
51449,Tequila,3277,178
51449,Schnapps,4505,347
51449,Amaretto,617,93
51449,Distilled Spirits,272,13
52537,Misc,5413,439
52537,Vodka,24550,2947
52537,Whisky,38159,2533
52537,Tequila,2479,202
52537,Gin,1335,147
52537,Rum,12770,900
52537,Brandy,2610,260
52537,Amaretto,311,36
52537,Schnapps,5075,427
52537,Distilled Spirits,808,38
50622,Misc,4769,328
50622,Whisky,36619,2807
50622,Gin,2862,174
50622,Vodka,16665,1729
50622,Rum,20391,1514
50622,Brandy,1347,118
50622,Tequila,2646,239
50622,Schnapps,3654,254
50622,Amaretto,211,26
50622,Distilled Spirits,245,12
50054,Brandy,3086,240
50054,Misc,5135,333
50054,Whisky,46633,3568
50054,Gin,1282,113
50054,Vodka,31752,3502
50054,Rum,18770,1341
50054,Tequila,5962,347
50054,Schnapps,2403,205
50054,Distilled Spirits,208,9
50054,Amaretto,127,19
50423,Rum,18583,1371
50423,Whisky,47793,4352
50423,Gin,1264,117
50423,Vodka,24925,3283
50423,Misc,5900,469
50423,Brandy,2402,209
50423,Tequila,4479,310
50423,Amaretto,455,42
50423,Schnapps,7266,737
50525,Brandy,1756,141
50525,Rum,28909,1968
50525,Misc,8807,620
50525,Whisky,49942,3592
50525,Gin,1842,152
50525,Vodka,31918,3433
50525,Tequila,7536,416
50525,Amaretto,564,35
50525,Schnapps,4335,356
50525,Distilled Spirits,816,40
50003,Whisky,126213,8458
50003,Gin,6622,591
50003,Vodka,76744,7567
50003,Misc,23034,1494
50003,Rum,42835,3385
50003,Brandy,3909,288
50003,Tequila,18351,1367
50003,Schnapps,5992,474
50003,Amaretto,785,69
50171,Whisky,105672,6585
50171,Gin,1864,164
50171,Vodka,38453,4034
50171,Misc,17693,1088
50171,Rum,33774,2226
50171,Brandy,6771,621
50171,Tequila,9330,501
50171,Amaretto,1107,105
50171,Schnapps,18954,1401
50171,Distilled Spirits,571,40
50428,Whisky,587395,39717
50428,Gin,39627,2769
50428,Vodka,409562,36875
50428,Misc,129813,8660
50428,Rum,240540,16843
50428,Brandy,29279,2344
50428,Tequila,112789,7758
50428,Schnapps,76178,5465
50428,Amaretto,6748,708
52057,Misc,74723,4223
52057,Brandy,17826,1243
52057,Rum,143769,9549
52057,Vodka,143311,14037
52057,Whisky,366013,26145
52057,Gin,13524,1025
52057,Tequila,37225,2573
52057,Amaretto,2566,242
52057,Schnapps,58772,4326
52057,Distilled Spirits,3157,214
51351,Whisky,398936,26633
51351,Misc,98789,5759
51351,Brandy,14271,1100
51351,Rum,222899,16205
51351,Tequila,64481,3834
51351,Gin,34581,2449
51351,Vodka,250758,21735
51351,Amaretto,3117,408
51351,Schnapps,67971,4417
51351,Distilled Spirits,5830,759
50466,Rum,6234,490
50466,Whisky,10426,910
50466,Gin,93,10
50466,Vodka,5217,636
50466,Misc,1631,79
50466,Brandy,554,56
50466,Amaretto,173,13
50466,Schnapps,2399,194
50466,Tequila,416,21
52738,Misc,5233,354
52738,Whisky,43505,2926
52738,Brandy,23521,1342
52738,Rum,31652,1933
52738,Tequila,9001,477
52738,Gin,894,94
52738,Vodka,13131,1446
52738,Amaretto,266,34
52738,Schnapps,2503,230
52738,Distilled Spirits,379,18
52301,Misc,16744,1373
52301,Tequila,9076,740
52301,Vodka,61941,7224
52301,Whisky,125832,10056
52301,Rum,35466,2849
52301,Distilled Spirits,1437,82
52301,Gin,4627,442
52301,Brandy,7962,749
52301,Amaretto,1208,158
52301,Schnapps,22747,2004
50211,Misc,34254,2252
50211,Whisky,163383,10785
50211,Gin,9813,767
50211,Vodka,131979,12915
50211,Rum,74178,5439
50211,Brandy,4474,307
50211,Tequila,24560,2054
50211,Schnapps,8545,718
50211,Distilled Spirits,2153,111
50211,Amaretto,618,84
50309,Schnapps,1389,77
52742,Misc,21776,1717
52742,Whisky,108502,7875
52742,Distilled Spirits,2349,234
52742,Gin,10950,1248
52742,Vodka,61625,6659
52742,Rum,34593,2468
52742,Brandy,6346,516
52742,Tequila,7936,573
52742,Amaretto,2234,271
52742,Schnapps,15484,1488
50428,Distilled Spirits,6325,351
50250,Misc,13013,799
50250,Whisky,75565,5401
50250,Tequila,12504,933
50250,Gin,2109,198
50250,Vodka,38345,3787
50250,Rum,19175,1481
50250,Brandy,4361,368
50250,Amaretto,248,23
50250,Schnapps,5230,471
50250,Distilled Spirits,775,37
50216,Misc,13532,848
50216,Whisky,70452,4912
50216,Brandy,2468,235
50216,Gin,5644,494
50216,Vodka,45587,4210
50216,Rum,21767,1524
50216,Tequila,6152,424
50216,Amaretto,386,35
50216,Schnapps,3756,338
50216,Distilled Spirits,2561,114
51035,Misc,2962,225
51035,Rum,4466,285
51035,Whisky,17779,1284
51035,Gin,929,87
51035,Vodka,5148,540
51035,Brandy,995,89
51035,Tequila,351,24
51035,Schnapps,1709,150
51035,Amaretto,114,15
52031,Misc,21995,1287
52031,Tequila,10836,666
52031,Whisky,104390,6459
52031,Gin,4374,299
52031,Vodka,47456,4525
52031,Rum,59032,3737
52031,Brandy,4629,386
52031,Amaretto,1078,147
52031,Schnapps,21121,1554
50579,Whisky,33341,2837
50579,Gin,1242,127
50579,Vodka,18229,2049
50579,Misc,5343,399
50579,Rum,11946,986
50579,Brandy,2121,190
50579,Tequila,2787,197
50579,Schnapps,2762,274
50579,Amaretto,419,62
50579,Distilled Spirits,370,36
52310,Misc,41519,2966
52310,Whisky,197416,16482
52310,Brandy,11935,1120
52310,Rum,72575,5153
52310,Tequila,13918,1091
52310,Distilled Spirits,1515,70
52310,Gin,6119,523
52310,Vodka,87179,9235
52310,Amaretto,1780,219
52310,Schnapps,30625,2658
51245,Whisky,37348,2531
51245,Gin,626,52
51245,Vodka,16194,1562
51245,Rum,18208,1244
51245,Brandy,1897,188
51245,Misc,6050,324
51245,Schnapps,8196,663
50461,Misc,21614,1504
50461,Whisky,88834,6530
50461,Gin,3692,355
50461,Vodka,52542,5802
50461,Rum,37388,2903
50461,Brandy,6661,622
50461,Tequila,13670,924
50461,Amaretto,1187,169
50461,Schnapps,17359,1428
50461,Distilled Spirits,795,39
50603,Whisky,1595,132
50603,Gin,5,1
50603,Vodka,806,96
50603,Rum,1152,71
50603,Brandy,715,72
50603,Misc,611,26
50603,Schnapps,749,53
50603,Amaretto,2,0
50603,Tequila,60,3
50533,Misc,18394,1020
50533,Tequila,11766,660
50533,Whisky,117065,9435
50533,Gin,4549,407
50533,Vodka,52418,5315
50533,Rum,31046,2277
50533,Brandy,4119,314
50533,Amaretto,644,66
50533,Schnapps,8813,659
50533,Distilled Spirits,390,18
50472,Misc,10844,549
50472,Whisky,56406,4140
50472,Gin,2207,214
50472,Vodka,33361,3799
50472,Rum,30890,1968
50472,Brandy,3831,360
50472,Tequila,6257,300
50472,Amaretto,1218,177
50472,Schnapps,19230,1519
51028,Whisky,26934,1783
51028,Gin,508,50
51028,Vodka,12768,1476
51028,Rum,8063,590
51028,Brandy,4600,435
51028,Misc,4163,288
51028,Tequila,2284,154
51028,Schnapps,5504,446
51028,Amaretto,137,18
51028,Distilled Spirits,194,9
50676,Whisky,76476,6521
50676,Gin,2281,183
50676,Vodka,22266,2613
50676,Misc,12134,669
50676,Rum,44247,3092
50676,Brandy,5824,578
50676,Tequila,5133,264
50676,Schnapps,16980,1500
50676,Distilled Spirits,655,40
50676,Amaretto,469,52
52655,Misc,63798,3476
52655,Tequila,43079,2934
52655,Vodka,199370,17485
52655,Whisky,227260,14334
52655,Rum,104500,7507
52655,Brandy,54893,2192
52655,Amaretto,3062,252
52655,Gin,14934,1289
52655,Distilled Spirits,3723,167
52655,Schnapps,28389,1808
52246,Misc,75182,4123
52246,Whisky,308594,19266
52246,Brandy,34680,1946
52246,Rum,143975,10324
52246,Tequila,60715,4334
52246,Gin,43699,3655
52246,Vodka,295470,25414
52246,Amaretto,3693,300
52246,Schnapps,21139,1549
52246,Distilled Spirits,3043,140
50044,Whisky,4838,365
50044,Vodka,5986,798
50044,Rum,1666,171
50044,Brandy,250,20
50044,Schnapps,1466,159
50044,Tequila,304,17
51346,Misc,8974,547
51346,Tequila,3760,234
51346,Whisky,70098,5900
51346,Vodka,25081,2804
51346,Gin,2856,288
51346,Rum,21525,1423
51346,Brandy,2368,222
51346,Amaretto,379,40
51346,Schnapps,7410,588
51346,Distilled Spirits,191,8
50662,Vodka,125968,14191
50662,Misc,52080,3348
50662,Whisky,295634,22640
50662,Brandy,16655,1201
50662,Rum,84696,6418
50662,Schnapps,48864,4101
50662,Tequila,35090,2456
50662,Distilled Spirits,2664,128
50662,Gin,8929,896
50662,Amaretto,2566,301
50601,Misc,2312,122
50601,Rum,10236,673
50601,Whisky,25785,2178
50601,Gin,1250,129
50601,Vodka,14528,1652
50601,Brandy,595,54
50601,Tequila,945,48
50601,Amaretto,239,24
50601,Schnapps,2045,162
50601,Distilled Spirits,123,15
52134,Whisky,904,64
52134,Gin,4,1
52134,Vodka,833,84
52134,Rum,835,53
52134,Brandy,119,11
52134,Misc,42,2
52134,Schnapps,176,12
52134,Amaretto,4,1
52134,Tequila,79,4
50638,Tequila,4794,292
50638,Whisky,72534,5814
50638,Misc,10936,723
50638,Rum,39643,2691
50638,Gin,3074,284
50638,Vodka,43213,4927
50638,Brandy,3282,271
50638,Amaretto,706,93
50638,Schnapps,12914,889
50638,Distilled Spirits,1227,56
51546,Whisky,28815,2174
51546,Gin,792,67
51546,Vodka,12942,1486
51546,Misc,4016,314
51546,Rum,12010,881
51546,Brandy,1290,112
51546,Tequila,2329,185
51546,Schnapps,4417,484
51546,Amaretto,80,13
51546,Distilled Spirits,38,1
52060,Misc,69787,4576
52060,Vodka,153488,15670
52060,Tequila,26140,1804
52060,Whisky,340469,25960
52060,Brandy,17313,1470
52060,Rum,125087,8493
52060,Amaretto,4389,577
52060,Distilled Spirits,2139,96
52060,Gin,13116,1232
52060,Schnapps,77861,5954
51445,Whisky,122092,9652
51445,Gin,4343,399
51445,Vodka,37126,3654
51445,Misc,15675,842
51445,Rum,33504,2310
51445,Brandy,3409,283
51445,Tequila,7125,462
51445,Schnapps,10859,892
51445,Amaretto,807,118
51445,Distilled Spirits,534,30
50536,Whisky,249916,18959
50536,Gin,9554,797
50536,Vodka,85651,8801
50536,Misc,44007,2420
50536,Rum,89959,6395
50536,Brandy,12300,1043
50536,Tequila,17839,1010
50536,Schnapps,29145,2361
50536,Amaretto,2275,314
50536,Distilled Spirits,3524,305
50554,Misc,7106,484
50554,Whisky,46205,3694
50554,Gin,2000,218
50554,Vodka,28058,3616
50554,Rum,20100,1474
50554,Brandy,2391,194
50554,Tequila,3585,224
50554,Schnapps,5900,544
50554,Amaretto,355,61
50554,Distilled Spirits,521,24
50025,Misc,8091,545
50025,Whisky,57895,4785
50025,Gin,1893,153
50025,Vodka,23865,3075
50025,Rum,23208,1761
50025,Brandy,3568,335
50025,Tequila,2834,211
50025,Amaretto,1463,194
50025,Schnapps,5787,542
50025,Distilled Spirits,356,18
50212,Misc,4355,293
50212,Whisky,36387,2742
50212,Gin,2609,224
50212,Vodka,16257,1664
50212,Rum,8774,589
50212,Brandy,2160,163
50212,Schnapps,3024,228
50212,Tequila,2949,143
50212,Distilled Spirits,640,29
50212,Amaretto,111,18
52656,Whisky,92525,5288
52656,Gin,3191,198
52656,Vodka,37282,2937
52656,Rum,36239,2268
52656,Brandy,1133,104
52656,Misc,13499,643
52656,Schnapps,22218,1472
52656,Tequila,7698,348
52656,Amaretto,974,89
50629,Misc,3195,230
50629,Whisky,21103,1837
50629,Gin,452,54
50629,Vodka,13730,1406
50629,Rum,8096,567
50629,Brandy,511,48
50629,Tequila,1798,102
50629,Amaretto,285,33
50629,Schnapps,3504,281
50629,Distilled Spirits,60,2
51025,Vodka,33009,3338
51025,Misc,20645,1058
51025,Tequila,7719,355
51025,Whisky,101979,6058
51025,Amaretto,1088,131
51025,Rum,46337,3142
51025,Brandy,4951,437
51025,Schnapps,17608,1230
51025,Gin,5920,498
51025,Distilled Spirits,801,37
50421,Whisky,102106,7181
50421,Gin,3633,275
50421,Vodka,60411,6883
50421,Misc,17856,1025
50421,Rum,45340,3228
50421,Brandy,3106,272
50421,Tequila,12127,879
50421,Amaretto,917,105
50421,Schnapps,12823,973
50421,Distilled Spirits,87,4
50459,Misc,18883,1217
50459,Tequila,10653,855
50459,Whisky,70257,5377
50459,Vodka,39245,4374
50459,Rum,41660,3152
50459,Amaretto,571,68
50459,Gin,5042,379
50459,Brandy,10031,783
50459,Schnapps,10734,733
50459,Distilled Spirits,476,22
50636,Vodka,8786,990
50636,Misc,2941,162
50636,Whisky,14523,1222
50636,Gin,511,59
50636,Rum,4886,330
50636,Brandy,1401,139
50636,Tequila,1174,106
50636,Schnapps,1334,129
50636,Distilled Spirits,113,5
50636,Amaretto,103,17
51338,Whisky,4684,369
51338,Gin,18,3
51338,Vodka,1106,148
51338,Rum,1496,101
51338,Brandy,55,6
51338,Misc,273,12
51338,Schnapps,179,15
51338,Amaretto,47,8
51338,Tequila,149,12
52159,Misc,11168,671
52159,Tequila,3747,272
52159,Whisky,60403,3960
52159,Rum,31511,2164
52159,Distilled Spirits,325,15
52159,Gin,2249,181
52159,Vodka,28794,3184
52159,Brandy,5558,526
52159,Amaretto,824,102
52159,Schnapps,16348,1214
50483,Misc,15775,784
50483,Whisky,94431,6625
50483,Brandy,2242,189
50483,Rum,47560,3086
50483,Gin,2173,149
50483,Vodka,39881,3637
50483,Distilled Spirits,66,3
50483,Tequila,7622,309
50483,Amaretto,884,118
50483,Schnapps,15814,1130
50630,Whisky,14268,1418
50630,Gin,213,26
50630,Vodka,5327,695
50630,Misc,1601,108
50630,Rum,7703,556
50630,Brandy,2996,289
50630,Tequila,693,59
50630,Schnapps,4624,538
50630,Distilled Spirits,122,17
50630,Amaretto,50,8
52314,Misc,288130,23909
52314,Whisky,610724,32552
52314,Brandy,27593,1657
52314,Tequila,250034,11822
52314,Distilled Spirits,156880,21519
52314,Gin,50684,3255
52314,Vodka,378353,29375
52314,Rum,254377,17350
52314,Amaretto,8511,763
52314,Schnapps,190765,13251
51050,Misc,8103,430
51050,Whisky,52974,3634
51050,Vodka,20813,2126
51050,Rum,21700,1315
51050,Gin,1484,137
51050,Distilled Spirits,171,8
51050,Brandy,4219,378
51050,Tequila,1976,120
51050,Schnapps,8210,609
51050,Amaretto,413,65
52004,Misc,2646,139
52004,Whisky,10547,895
52004,Tequila,1261,67
52004,Gin,753,69
52004,Vodka,7815,796
52004,Rum,5932,440
52004,Brandy,2874,149
52004,Schnapps,2692,194
52004,Amaretto,36,5
51521,Misc,28660,1500
51521,Brandy,5395,444
51521,Vodka,50468,4955
51521,Whisky,149024,9148
51521,Gin,4568,421
51521,Rum,63808,4134
51521,Tequila,11299,575
51521,Amaretto,1814,271
51521,Schnapps,27040,1856
51521,Distilled Spirits,2235,107
51246,Misc,21563,1330
51246,Vodka,38960,4105
51246,Whisky,134738,9913
51246,Rum,73602,4764
51246,Schnapps,27377,1937
51246,Tequila,6542,345
51246,Distilled Spirits,947,48
51246,Gin,2017,176
51246,Brandy,8742,787
51246,Amaretto,1837,260
50674,Misc,5774,350
50674,Rum,19484,1480
50674,Whisky,38234,3003
50674,Distilled Spirits,40,2
50674,Gin,1044,87
50674,Vodka,13866,1453
50674,Brandy,3573,359
50674,Tequila,2389,144
50674,Amaretto,401,39
50674,Schnapps,5844,527
52101,Misc,114584,6480
52101,Whisky,385918,24983
52101,Vodka,286025,26132
52101,Rum,172073,11615
52101,Brandy,41729,3383
52101,Tequila,59719,4031
52101,Gin,46876,3236
52101,Distilled Spirits,3837,174
52101,Amaretto,5974,532
52101,Schnapps,64581,4888
51040,Vodka,58169,6239
51040,Tequila,15857,899
51040,Whisky,105305,6679
51040,Misc,20897,1269
51040,Amaretto,721,79
51040,Rum,49550,3493
51040,Brandy,8798,689
51040,Schnapps,20491,1437
51040,Distilled Spirits,1744,76
51040,Gin,4538,434
50514,Rum,8279,652
50514,Misc,3042,163
50514,Whisky,18903,1559
50514,Gin,492,48
50514,Vodka,9298,1084
50514,Brandy,954,93
50514,Tequila,2805,82
50514,Amaretto,59,7
50514,Schnapps,1670,120
50514,Distilled Spirits,563,27
52748,Misc,37114,2350
52748,Vodka,106942,10365
52748,Whisky,145268,9989
52748,Brandy,11163,667
52748,Distilled Spirits,3504,180
52748,Gin,12162,1118
52748,Rum,75788,5347
52748,Tequila,17674,1195
52748,Amaretto,922,83
52748,Schnapps,14433,1114
51245,Tequila,2542,131
51245,Amaretto,336,50
52040,Misc,32938,2589
52040,Whisky,226983,19930
52040,Gin,6419,635
52040,Vodka,70304,7516
52040,Rum,62206,4476
52040,Brandy,6490,542
52040,Tequila,9548,702
52040,Schnapps,25335,2301
52040,Amaretto,1601,194
52040,Distilled Spirits,948,60
52591,Brandy,3777,358
52591,Rum,16339,1362
52591,Misc,9451,584
52591,Whisky,48577,3773
52591,Gin,1833,185
52591,Vodka,19376,2382
52591,Tequila,4674,398
52591,Amaretto,583,78
52591,Schnapps,11948,1049
52591,Distilled Spirits,312,15
51455,Misc,6515,376
51455,Whisky,44040,3146
51455,Rum,21062,1360
51455,Distilled Spirits,239,11
51455,Gin,859,68
51455,Vodka,15976,1375
51455,Brandy,1896,183
51455,Tequila,1617,98
51455,Amaretto,239,23
51455,Schnapps,4237,316
51108,Misc,63567,3908
51108,Whisky,234176,16426
51108,Vodka,171756,16073
51108,Rum,117534,8395
51108,Brandy,25950,1519
51108,Tequila,48436,3395
51108,Gin,15499,1436
51108,Distilled Spirits,3466,151
51108,Amaretto,1948,175
51108,Schnapps,24237,1625
52803,Whisky,177067,10388
52803,Gin,38293,3043
52803,Vodka,272171,20612
52803,Rum,54957,3697
52803,Brandy,180806,6818
52803,Misc,19469,903
52803,Schnapps,8656,498
52803,Tequila,64583,2078
50851,Brandy,1185,107
50851,Tequila,4353,240
50851,Whisky,19996,1258
50851,Gin,631,56
50851,Vodka,9581,1264
50851,Misc,3398,220
50851,Rum,3740,249
50851,Amaretto,509,33
50851,Schnapps,1855,166
51023,Brandy,3209,277
51023,Whisky,57899,4878
51023,Gin,1040,108
51023,Vodka,21580,2178
51023,Misc,5492,321
51023,Rum,18963,1336
51023,Amaretto,314,34
51023,Schnapps,9815,646
51023,Tequila,6613,243
50659,Misc,17228,1087
50659,Whisky,86945,7967
50659,Rum,35118,2507
50659,Vodka,43107,5423
50659,Tequila,6114,373
50659,Gin,1808,202
50659,Brandy,5754,555
50659,Amaretto,658,90
50659,Schnapps,13844,1084
50659,Distilled Spirits,619,27
52401,Gin,65440,3481
52401,Whisky,712645,29770
52401,Vodka,494515,31298
52401,Misc,266925,14178
52401,Amaretto,10044,803
52401,Brandy,35137,1293
52401,Tequila,153807,5737
52401,Distilled Spirits,30852,3772
52401,Rum,266590,17514
52401,Schnapps,185972,12079
52052,Misc,17182,1103
52052,Whisky,101376,6679
52052,Gin,4362,312
52052,Vodka,44725,4694
52052,Rum,45782,2979
52052,Brandy,2578,228
52052,Tequila,7917,436
52052,Amaretto,535,84
52052,Schnapps,18576,1499
52052,Distilled Spirits,620,31
50574,Misc,11486,659
50574,Whisky,76436,6731
50574,Rum,29440,2337
50574,Tequila,4256,269
50574,Gin,5170,583
50574,Vodka,36088,4261
50574,Brandy,3499,293
50574,Amaretto,1238,160
50574,Schnapps,8137,645
50574,Distilled Spirits,504,24
50644,Misc,68840,4089
50644,Rum,117102,8508
50644,Brandy,14533,1219
50644,Vodka,149503,14698
50644,Schnapps,44563,3084
50644,Tequila,61207,5064
50644,Whisky,300115,20411
50644,Gin,12837,1105
50644,Amaretto,3175,313
50644,Distilled Spirits,4220,272
51023,Distilled Spirits,6,0
52076,Rum,11995,893
52076,Whisky,24871,1881
52076,Gin,989,112
52076,Vodka,11975,1441
52076,Misc,3482,235
52076,Brandy,1585,151
52076,Tequila,1699,116
52076,Amaretto,224,26
52076,Schnapps,5002,424
52076,Distilled Spirits,387,16
50651,Brandy,2801,256
50651,Tequila,4470,254
50651,Whisky,53238,3714
50651,Gin,1556,126
50651,Vodka,22827,2262
50651,Misc,9426,482
50651,Rum,16576,1217
50651,Amaretto,986,84
50651,Schnapps,10959,912
50651,Distilled Spirits,417,20
51103,Vodka,360986,26129
51103,Whisky,576310,29635
51103,Misc,187571,9872
51103,Amaretto,7527,605
51103,Tequila,193130,8297
51103,Brandy,150598,6537
51103,Rum,261598,17411
51103,Distilled Spirits,3934,260
51103,Gin,47777,3413
51103,Schnapps,146229,8990
52338,Misc,24968,1259
52338,Vodka,21941,1652
52338,Whisky,137308,4466
52338,Amaretto,175,17
52338,Tequila,3272,167
52338,Rum,19326,957
52338,Brandy,10043,280
52338,Gin,5689,258
52338,Schnapps,3067,232
52338,Distilled Spirits,861,40
50156,Brandy,1493,138
50156,Rum,12487,876
50156,Misc,4642,339
50156,Whisky,31737,2191
50156,Gin,1543,142
50156,Vodka,19182,1962
50156,Tequila,4913,403
50156,Schnapps,2423,257
50156,Amaretto,228,35
50156,Distilled Spirits,252,12
51230,Whisky,57,6
51230,Vodka,9,0
51230,Rum,85,7
51230,Amaretto,2,0
50517,Misc,30033,1446
50517,Vodka,45493,3744
50517,Tequila,10915,562
50517,Whisky,133312,8813
50517,Amaretto,1210,138
50517,Rum,52973,3357
50517,Schnapps,18487,1277
50517,Brandy,5192,423
50517,Distilled Spirits,1259,53
50517,Gin,3731,299
50569,Rum,2780,178
50569,Whisky,8532,685
50569,Gin,19,1
50569,Vodka,2965,320
50569,Misc,894,53
50569,Brandy,142,12
50569,Tequila,297,20
50569,Schnapps,345,24
50569,Amaretto,22,4
51053,Whisky,2797,244
51053,Gin,248,32
51053,Vodka,1783,259
51053,Misc,528,48
51053,Rum,2384,187
51053,Brandy,49,5
51053,Schnapps,597,46
51053,Amaretto,40,7
51053,Tequila,232,12
50563,Whisky,52032,4039
50563,Gin,855,58
50563,Vodka,27822,2992
50563,Misc,8176,476
50563,Rum,28395,1924
50563,Brandy,1658,148
50563,Tequila,6366,323
50563,Schnapps,6151,477
50563,Amaretto,650,100
50163,Misc,10936,507
50163,Vodka,22940,2014
50163,Whisky,48629,2820
50163,Rum,24600,1588
50163,Tequila,4324,222
50163,Distilled Spirits,1215,58
50163,Gin,1318,133
50163,Brandy,1943,177
50163,Amaretto,467,42
50163,Schnapps,10177,776
52327,Misc,12555,516
52327,Whisky,81422,4396
52327,Brandy,4089,199
52327,Rum,28808,1992
52327,Tequila,9735,310
52327,Vodka,56577,4056
52327,Gin,7766,400
52327,Amaretto,853,53
52327,Schnapps,3524,258
52361,Whisky,110422,7886
52361,Misc,16995,1079
52361,Rum,33039,2511
52361,Tequila,7655,533
52361,Gin,3437,251
52361,Vodka,57653,5726
52361,Brandy,4254,358
52361,Amaretto,891,101
52361,Schnapps,13911,1199
52361,Distilled Spirits,625,33
52317,Misc,86979,5116
52317,Whisky,353217,18582
52317,Brandy,57258,2711
52317,Rum,149819,10501
52317,Vodka,323774,25995
52317,Gin,36896,2521
52317,Distilled Spirits,4215,201
52317,Tequila,60011,3712
52317,Amaretto,2567,196
52317,Schnapps,28946,1973
52166,Rum,13598,857
52166,Whisky,25989,1736
52166,Gin,628,64
52166,Vodka,9526,810
52166,Misc,4357,214
52166,Brandy,1170,103
52166,Tequila,1414,83
52166,Schnapps,6106,496
52166,Distilled Spirits,6,0
52166,Amaretto,262,39
51034,Vodka,36655,3600
51034,Whisky,100936,6650
51034,Misc,18027,1280
51034,Rum,40528,2807
51034,Schnapps,16177,1123
51034,Tequila,8990,562
51034,Distilled Spirits,1537,80
51034,Gin,1692,160
51034,Brandy,2261,214
51034,Amaretto,2860,280
52342,Vodka,88731,9220
52342,Misc,39647,2295
52342,Brandy,20924,1671
52342,Whisky,177503,11666
52342,Amaretto,1167,142
52342,Tequila,28604,1855
52342,Rum,60819,4386
52342,Schnapps,29229,2830
52342,Distilled Spirits,1484,89
52342,Gin,6866,620
50201,Misc,24861,1528
50201,Whisky,174930,12641
50201,Brandy,11373,702
50201,Rum,65772,5210
50201,Tequila,16773,1126
50201,Gin,7492,694
50201,Vodka,90678,9400
50201,Amaretto,2599,343
50201,Schnapps,11606,874
50201,Distilled Spirits,1758,103
52211,Vodka,18918,1811
52211,Misc,4737,301
52211,Whisky,46750,2993
52211,Gin,1865,227
52211,Rum,21070,1538
52211,Brandy,2078,189
52211,Tequila,4753,288
52211,Amaretto,653,59
52211,Schnapps,11222,895
52211,Distilled Spirits,20,1
50247,Misc,2879,206
50247,Whisky,22157,1657
50247,Gin,674,58
50247,Vodka,12834,1435
50247,Rum,7577,654
50247,Brandy,1085,93
50247,Tequila,2020,131
50247,Schnapps,1676,148
50247,Amaretto,338,51
50247,Distilled Spirits,315,15
52042,Misc,2265,144
52042,Whisky,21925,1759
52042,Gin,729,82
52042,Vodka,5921,690
52042,Rum,6838,478
52042,Brandy,272,27
52042,Tequila,667,52
52042,Schnapps,4501,334
52042,Amaretto,75,12
50585,Misc,5073,264
50585,Whisky,41094,3212
50585,Gin,1136,110
50585,Vodka,15166,1756
50585,Rum,10813,762
50585,Brandy,2266,230
50585,Tequila,2194,126
50585,Amaretto,230,37
50585,Schnapps,5812,537
50585,Distilled Spirits,516,23
50170,Rum,14140,900
50170,Misc,2828,171
50170,Whisky,21985,1440
50170,Gin,1056,133
50170,Vodka,13146,1515
50170,Brandy,1671,160
50170,Tequila,1447,84
50170,Schnapps,3023,295
50170,Distilled Spirits,1365,64
50170,Amaretto,447,75
50849,Misc,8977,619
50849,Whisky,62702,4536
50849,Tequila,8776,652
50849,Distilled Spirits,674,28
50849,Gin,1306,105
50849,Vodka,23455,2522
50849,Rum,20198,1621
50849,Brandy,4518,400
50849,Amaretto,223,26
50849,Schnapps,4311,365
50122,Misc,1662,126
50122,Whisky,16734,1490
50122,Gin,746,106
50122,Vodka,11185,1396
50122,Rum,7864,661
50122,Brandy,291,28
50122,Tequila,926,82
50122,Schnapps,1651,135
50122,Amaretto,132,19
50122,Distilled Spirits,81,3
52316,Whisky,18960,1823
52316,Gin,308,37
52316,Vodka,12824,1661
52316,Misc,2481,161
52316,Rum,7036,708
52316,Brandy,2045,197
52316,Tequila,717,58
52316,Amaretto,96,14
52316,Schnapps,2450,252
52316,Distilled Spirits,54,2
51101,Vodka,115356,8255
51101,Misc,35001,1568
51101,Whisky,180866,8747
51101,Tequila,39826,1274
51101,Brandy,32813,1491
51101,Rum,58501,3901
51101,Distilled Spirits,1114,50
51101,Gin,13585,910
51101,Amaretto,2112,157
51101,Schnapps,25947,1499
51331,Misc,38752,2432
51331,Rum,69546,4588
51331,Tequila,20828,1269
51331,Whisky,126267,7461
51331,Gin,9984,704
51331,Vodka,101390,8155
51331,Brandy,6219,412
51331,Amaretto,933,113
51331,Schnapps,26509,1882
51331,Distilled Spirits,2623,136
51579,Whisky,30236,2317
51579,Misc,3188,224
51579,Gin,246,27
51579,Vodka,8872,790
51579,Rum,10062,863
51579,Brandy,659,64
51579,Tequila,1452,104
51579,Schnapps,2339,217
51579,Amaretto,122,11
51579,Distilled Spirits,22,1
52151,Misc,7584,528
52151,Rum,16244,1310
52151,Whisky,37996,3106
52151,Gin,1744,142
52151,Vodka,24780,2606
52151,Brandy,5765,521
52151,Tequila,2846,192
52151,Amaretto,317,32
52151,Schnapps,7365,654
52151,Distilled Spirits,288,14
51241,Rum,44540,2845
51241,Whisky,84945,5378
51241,Gin,3833,244
51241,Vodka,43351,3511
51241,Brandy,6985,491
51241,Tequila,8285,312
51241,Misc,11291,549
51241,Schnapps,11214,664
51241,Amaretto,1109,116
52161,Rum,8590,570
52161,Whisky,11928,786
52161,Gin,159,16
52161,Vodka,3727,407
52161,Misc,3269,166
52161,Brandy,1914,202
52161,Tequila,1082,66
52161,Schnapps,3845,381
52161,Amaretto,112,18
51004,Misc,9666,553
51004,Whisky,52648,3375
51004,Tequila,4262,239
51004,Gin,1627,98
51004,Vodka,14681,1312
51004,Rum,10192,664
51004,Brandy,2167,158
51004,Amaretto,556,70
51004,Schnapps,7235,518
51004,Distilled Spirits,385,18
51534,Misc,22566,1466
51534,Whisky,129846,9185
51534,Gin,8895,779
51534,Vodka,74605,7532
51534,Rum,52044,3623
51534,Brandy,4026,320
51534,Tequila,11693,863
51534,Schnapps,10530,976
51534,Distilled Spirits,596,28
51534,Amaretto,565,72
52772,Misc,25401,1800
52772,Whisky,134198,10299
52772,Vodka,56194,5756
52772,Rum,38827,2723
52772,Brandy,6249,548
52772,Gin,9735,995
52772,Tequila,8706,621
52772,Amaretto,928,105
52772,Schnapps,17810,1350
52772,Distilled Spirits,1351,102
50621,Misc,2725,161
50621,Whisky,25225,1857
50621,Gin,402,23
50621,Vodka,14401,1555
50621,Rum,6071,439
50621,Brandy,498,41
50621,Tequila,822,63
50621,Schnapps,574,45
50621,Amaretto,78,11
50621,Distilled Spirits,544,22
50635,Whisky,12432,983
50635,Gin,446,43
50635,Vodka,11009,1395
50635,Misc,1659,130
50635,Rum,4922,395
50635,Brandy,1033,96
50635,Tequila,431,34
50635,Schnapps,1784,157
50635,Amaretto,69,10
50635,Distilled Spirits,75,4
52208,Misc,20348,1060
52208,Vodka,49573,5080
52208,Whisky,104337,6994
52208,Rum,33984,2298
52208,Tequila,11244,746
52208,Distilled Spirits,1485,75
52208,Gin,2136,180
52208,Brandy,12837,1149
52208,Amaretto,1312,89
52208,Schnapps,23953,1942
52035,Whisky,4971,417
52035,Gin,49,4
52035,Vodka,843,112
52035,Misc,421,31
52035,Rum,3263,247
52035,Brandy,233,25
52035,Tequila,88,6
52035,Schnapps,1877,141
52035,Amaretto,32,5
51347,Whisky,13013,1080
51347,Gin,367,47
51347,Vodka,6635,808
51347,Rum,5660,377
51347,Brandy,449,42
51347,Misc,2806,142
51347,Tequila,792,63
51347,Schnapps,767,60
51347,Amaretto,23,4
52157,Rum,3591,239
52157,Whisky,5020,276
52157,Gin,278,17
52157,Vodka,2342,231
52157,Misc,2655,157
52157,Brandy,572,57
52157,Tequila,966,45
52157,Amaretto,62,7
52157,Schnapps,1389,106
52157,Distilled Spirits,9,0
52162,Whisky,12216,1003
52162,Gin,706,70
52162,Vodka,7535,864
52162,Misc,2302,174
52162,Rum,4660,336
52162,Brandy,2444,166
52162,Tequila,1670,124
52162,Amaretto,118,9
52162,Schnapps,2611,268
51054,Whisky,78735,5405
51054,Gin,2319,203
51054,Vodka,43068,4324
51054,Misc,11906,742
51054,Rum,26532,1927
51054,Brandy,5498,359
51054,Schnapps,5412,374
51054,Tequila,13562,829
52356,Misc,7463,469
52356,Vodka,19402,1753
52356,Whisky,35543,2606
52356,Rum,13893,946
52356,Tequila,2338,144
52356,Distilled Spirits,557,28
52356,Gin,1943,169
52356,Brandy,568,54
52356,Amaretto,213,21
52356,Schnapps,3054,284
50135,Whisky,15835,966
50135,Misc,1489,69
50135,Rum,3746,242
50135,Brandy,1458,102
50135,Tequila,714,29
50135,Gin,139,11
50135,Vodka,7825,771
50135,Amaretto,28,3
50135,Schnapps,1336,133
50135,Distilled Spirits,1953,84
50436,Misc,35938,2093
50436,Tequila,24324,1431
50436,Vodka,106437,10496
50436,Whisky,192449,14772
50436,Brandy,10405,825
50436,Rum,110153,8233
50436,Distilled Spirits,2799,120
50436,Gin,6724,510
50436,Amaretto,2841,262
50436,Schnapps,24289,1793
50248,Misc,5862,332
50248,Whisky,69825,5359
50248,Gin,2742,242
50248,Vodka,41281,4725
50248,Rum,23407,1783
50248,Brandy,3020,231
50248,Tequila,7167,421
50248,Amaretto,328,40
50248,Schnapps,3520,292
50248,Distilled Spirits,71,3
50682,Misc,4251,257
50682,Rum,12274,937
50682,Whisky,29168,1844
50682,Gin,926,63
50682,Vodka,12920,1240
50682,Brandy,1273,120
50682,Tequila,3599,304
50682,Amaretto,307,20
50682,Schnapps,6125,453
51461,Rum,20963,1294
51461,Whisky,50356,3475
51461,Gin,1035,103
51461,Vodka,10885,842
51461,Misc,7988,498
51461,Brandy,359,39
51461,Tequila,3656,183
51461,Amaretto,378,46
51461,Schnapps,7161,554
51461,Distilled Spirits,3,0
50435,Misc,13631,630
50435,Rum,18520,1138
50435,Vodka,20507,1799
50435,Whisky,60854,3904
50435,Gin,1453,91
50435,Brandy,2197,144
50435,Tequila,4220,192
50435,Amaretto,492,57
50435,Schnapps,12557,935
50435,Distilled Spirits,1937,87
50046,Rum,4193,340
50046,Whisky,10213,731
50046,Gin,625,66
50046,Vodka,5308,543
50046,Misc,960,78
50046,Brandy,464,30
50046,Tequila,935,75
50046,Schnapps,2220,100
50046,Distilled Spirits,305,21
50046,Amaretto,10,2
50665,Misc,5253,316
50665,Whisky,44342,3757
50665,Gin,1782,161
50665,Vodka,25619,2834
50665,Rum,20485,1427
50665,Brandy,2197,186
50665,Tequila,2800,194
50665,Schnapps,5843,454
50665,Distilled Spirits,367,42
50665,Amaretto,175,27
51450,Whisky,79046,6098
51450,Misc,11550,684
51450,Rum,38873,2592
51450,Tequila,4790,272
51450,Distilled Spirits,389,22
51450,Gin,3022,222
51450,Vodka,33671,3369
51450,Brandy,2287,178
51450,Amaretto,778,100
51450,Schnapps,9756,717
52653,Rum,16528,1238
52653,Misc,5617,352
52653,Whisky,40149,3054
52653,Gin,1331,143
52653,Vodka,20968,2326
52653,Brandy,1940,166
52653,Tequila,3466,234
52653,Schnapps,5081,433
52653,Distilled Spirits,658,33
52653,Amaretto,184,22
52333,Rum,28114,1746
52333,Misc,9032,484
52333,Whisky,68903,4286
52333,Gin,2737,186
52333,Vodka,42022,3904
52333,Distilled Spirits,2178,276
52333,Brandy,2452,190
52333,Tequila,12096,908
52333,Schnapps,5568,397
52333,Amaretto,158,24
52565,Whisky,68322,4191
52565,Gin,2684,134
52565,Vodka,30294,2819
52565,Misc,8634,495
52565,Rum,25084,1859
52565,Brandy,1722,151
52565,Tequila,4858,293
52565,Amaretto,349,46
52565,Schnapps,13483,994
52565,Distilled Spirits,319,19
52730,Misc,7304,350
52730,Amaretto,197,24
52730,Vodka,24599,2232
52730,Tequila,9135,484
52730,Whisky,22701,1442
52730,Brandy,1645,105
52730,Rum,14339,1058
52730,Gin,1404,121
52730,Schnapps,4982,336
52730,Distilled Spirits,877,41
50225,Misc,3246,149
50225,Vodka,17149,1616
50225,Whisky,30018,1997
50225,Gin,438,24
50225,Rum,6974,481
50225,Brandy,247,20
50225,Tequila,3298,235
50225,Amaretto,94,11
50225,Schnapps,1152,103
50225,Distilled Spirits,371,20
50111,Misc,88018,4858
50111,Vodka,309451,26515
50111,Whisky,368027,21567
50111,Rum,178582,12603
50111,Amaretto,4448,344
50111,Distilled Spirits,8258,299
50111,Gin,22126,1616
50111,Brandy,16466,1013
50111,Tequila,62298,5051
50111,Schnapps,21289,1537
52154,Misc,6880,303
52154,Tequila,2613,93
52154,Whisky,24645,1711
52154,Gin,666,51
52154,Vodka,10360,847
52154,Rum,15259,906
52154,Brandy,1233,98
52154,Amaretto,325,32
52154,Schnapps,7115,516
51555,Vodka,40990,4255
51555,Whisky,73255,4791
51555,Misc,18874,1191
51555,Tequila,12436,728
51555,Brandy,2875,237
51555,Rum,40318,3139
51555,Schnapps,12840,1065
51555,Gin,3198,351
51555,Distilled Spirits,2051,96
51555,Amaretto,349,38
50707,Whisky,168076,11735
50707,Brandy,46899,2323
50707,Misc,35901,2114
50707,Gin,14284,1126
50707,Vodka,120514,12023
50707,Rum,80461,5561
50707,Tequila,34407,1960
50707,Amaretto,1243,158
50707,Schnapps,29193,2230
50707,Distilled Spirits,2781,135
52233,Misc,12329,703
52233,Whisky,88141,6256
52233,Gin,5414,509
52233,Vodka,70735,6869
52233,Rum,37979,2726
52233,Brandy,24098,1112
52233,Tequila,10600,609
52233,Schnapps,5998,372
52233,Distilled Spirits,632,30
52233,Amaretto,124,20
50648,Whisky,30498,2447
50648,Gin,1078,88
50648,Vodka,15507,1573
50648,Misc,6840,425
50648,Rum,13906,971
50648,Brandy,1720,170
50648,Tequila,2927,217
50648,Amaretto,263,29
50648,Schnapps,8005,642
50648,Distilled Spirits,110,5
52358,Misc,3543,273
52358,Whisky,27041,1895
52358,Gin,2047,210
52358,Vodka,20179,1976
52358,Rum,10861,952
52358,Brandy,1190,84
52358,Tequila,2605,168
52358,Amaretto,153,16
52358,Schnapps,1816,137
52358,Distilled Spirits,95,4
52033,Misc,8502,586
52033,Whisky,56996,3980
52033,Tequila,4397,212
52033,Rum,20533,1325
52033,Gin,1201,112
52033,Vodka,29051,2934
52033,Brandy,2016,184
52033,Amaretto,490,58
52033,Schnapps,8374,672
52033,Distilled Spirits,90,4
50006,Misc,4662,280
50006,Whisky,44967,3003
50006,Gin,2049,226
50006,Vodka,16466,1695
50006,Rum,19915,1413
50006,Brandy,564,54
50006,Tequila,2113,99
50006,Amaretto,333,47
50006,Schnapps,2592,206
50006,Distilled Spirits,295,14
51046,Misc,4113,238
51046,Rum,15575,1085
51046,Tequila,2022,144
51046,Whisky,37059,3004
51046,Gin,594,56
51046,Vodka,14815,1908
51046,Brandy,2298,238
51046,Amaretto,382,51
51046,Schnapps,6846,717
51046,Distilled Spirits,56,2
50142,Whisky,27284,1929
50142,Misc,4640,286
50142,Tequila,2052,95
50142,Distilled Spirits,606,29
50142,Gin,612,47
50142,Vodka,13200,1414
50142,Rum,7548,551
50142,Brandy,1516,94
50142,Amaretto,243,30
50142,Schnapps,3603,407
51249,Rum,29588,1916
51249,Whisky,110545,8338
51249,Gin,6435,661
51249,Vodka,34161,3852
51249,Misc,17315,1022
51249,Brandy,5382,460
51249,Tequila,9387,473
51249,Amaretto,828,116
51249,Schnapps,19220,1369
51249,Distilled Spirits,462,33
52053,Whisky,38211,2463
52053,Gin,834,60
52053,Vodka,11804,1174
52053,Misc,4772,231
52053,Rum,19449,1137
52053,Brandy,1243,114
52053,Tequila,1175,61
52053,Schnapps,5677,428
52053,Amaretto,292,44
51054,Distilled Spirits,718,35
51054,Amaretto,322,39
51109,Misc,8077,524
51109,Rum,19233,1383
51109,Whisky,35462,2444
51109,Gin,2949,271
51109,Vodka,34176,3237
51109,Brandy,2617,219
51109,Tequila,4774,409
51109,Schnapps,2848,207
51109,Amaretto,221,36
52733,Misc,16076,882
52733,Whisky,81838,5238
52733,Gin,3633,334
52733,Vodka,65917,6490
52733,Rum,29598,2154
52733,Brandy,22367,874
52733,Tequila,11728,633
52733,Schnapps,13138,778
52733,Distilled Spirits,889,40
52733,Amaretto,876,121
52349,Misc,23248,1774
52349,Vodka,58335,6095
52349,Whisky,133697,11353
52349,Tequila,13927,1091
52349,Brandy,8221,757
52349,Distilled Spirits,2461,97
52349,Gin,7073,678
52349,Rum,44278,3374
52349,Amaretto,1175,107
52349,Schnapps,11337,787
52571,Whisky,26981,1466
52571,Misc,3472,164
52571,Rum,7994,496
52571,Gin,935,62
52571,Vodka,10697,942
52571,Brandy,85,7
52571,Tequila,2499,161
52571,Amaretto,233,22
52571,Schnapps,2432,196
51041,Misc,31193,2037
51041,Vodka,72717,6347
51041,Whisky,166930,11806
51041,Rum,83957,5912
51041,Brandy,5941,510
51041,Tequila,14634,987
51041,Gin,5572,336
51041,Distilled Spirits,449,21
51041,Amaretto,1908,192
51041,Schnapps,15750,1102
50020,Misc,5631,391
50020,Whisky,32308,2371
50020,Rum,6645,474
50020,Tequila,2493,193
50020,Gin,1020,72
50020,Vodka,13878,1599
50020,Brandy,3592,327
50020,Amaretto,373,35
50020,Schnapps,2573,232
50020,Distilled Spirits,513,23
51358,Whisky,16619,1510
51358,Gin,213,22
51358,Vodka,7648,943
51358,Rum,4932,330
51358,Brandy,426,46
51358,Misc,1170,66
51358,Tequila,1361,97
51358,Amaretto,137,22
51358,Schnapps,1350,116
50450,Misc,9959,617
50450,Whisky,37516,2621
50450,Brandy,5943,509
50450,Rum,18214,1272
50450,Vodka,25122,2861
50450,Tequila,5887,336
50450,Gin,1458,128
50450,Amaretto,395,41
50450,Schnapps,6767,504
50450,Distilled Spirits,369,18
52248,Misc,1313,60
52248,Rum,3550,242
52248,Whisky,7549,608
52248,Gin,567,55
52248,Vodka,6582,894
52248,Brandy,355,29
52248,Tequila,354,41
52248,Schnapps,1197,132
52248,Amaretto,33,5
52753,Misc,55663,2618
52753,Vodka,137181,8500
52753,Tequila,10664,809
52753,Whisky,206315,7729
52753,Gin,29821,1187
52753,Rum,26613,2006
52753,Brandy,3877,269
52753,Amaretto,773,81
52753,Schnapps,21938,1105
52753,Distilled Spirits,2683,86
52553,Misc,1227,56
52553,Whisky,13896,928
52553,Rum,3001,190
52553,Gin,112,8
52553,Vodka,7199,645
52553,Brandy,1713,160
52553,Amaretto,48,4
52553,Tequila,454,24
52553,Schnapps,1893,124
52553,Distilled Spirits,487,23
52224,Misc,3001,217
52224,Whisky,13978,904
52224,Rum,5589,361
52224,Tequila,748,63
52224,Brandy,2018,171
52224,Gin,616,55
52224,Vodka,8704,934
52224,Amaretto,241,24
52224,Schnapps,3193,193
52224,Distilled Spirits,322,14
52214,Misc,3408,197
52214,Whisky,30112,2153
52214,Rum,12338,816
52214,Tequila,4159,309
52214,Distilled Spirits,967,43
52214,Gin,390,46
52214,Vodka,17912,2089
52214,Brandy,934,72
52214,Schnapps,4484,346
52214,Amaretto,67,11
52637,Misc,6117,310
52637,Whisky,38364,2431
52637,Gin,996,74
52637,Vodka,30078,2580
52637,Rum,17041,1192
52637,Brandy,1192,106
52637,Tequila,4444,224
52637,Amaretto,222,30
52637,Schnapps,9381,892
52637,Distilled Spirits,1320,61
50309,Distilled Spirits,152,7
51529,Vodka,15547,1416
51529,Misc,12306,684
51529,Amaretto,556,63
51529,Whisky,59008,3522
51529,Brandy,1487,130
51529,Rum,18328,1170
51529,Schnapps,8158,658
51529,Tequila,5905,531
51529,Gin,1493,102
51529,Distilled Spirits,799,56
50846,Whisky,31375,2337
50846,Vodka,5636,610
50846,Schnapps,3999,477
50846,Tequila,1589,74
50028,Misc,2531,177
50028,Whisky,15348,1157
50028,Gin,160,9
50028,Vodka,6234,613
50028,Rum,3627,289
50028,Brandy,1143,95
50028,Tequila,1048,78
50028,Schnapps,1171,108
50028,Amaretto,43,5
50028,Distilled Spirits,113,5
50530,Misc,5281,272
50530,Rum,9031,560
50530,Whisky,25419,1692
50530,Gin,211,20
50530,Vodka,10533,1083
50530,Brandy,1264,129
50530,Tequila,1912,114
50530,Amaretto,226,36
50530,Schnapps,4423,326
50530,Distilled Spirits,13,1
50864,Misc,718,34
50864,Whisky,4907,363
50864,Gin,358,39
50864,Vodka,2146,218
50864,Rum,2188,177
50864,Brandy,72,7
50864,Tequila,242,16
50864,Schnapps,189,12
50864,Amaretto,49,7
50249,Rum,6961,512
50249,Whisky,16299,1229
50249,Gin,1123,113
50249,Vodka,8614,996
50249,Misc,3722,204
50249,Brandy,1509,152
50249,Tequila,831,47
50249,Amaretto,251,37
50249,Schnapps,2761,203
50249,Distilled Spirits,6,1
51240,Misc,7223,474
51240,Whisky,46310,3221
51240,Gin,398,27
51240,Vodka,11075,1125
51240,Rum,24886,1586
51240,Brandy,661,65
51240,Amaretto,1521,78
51240,Schnapps,6533,455
51240,Tequila,3597,202
51240,Distilled Spirits,969,47
51237,Misc,3979,238
51237,Rum,6408,516
51237,Whisky,18741,1538
51237,Gin,60,9
51237,Vodka,4056,477
51237,Brandy,1972,200
51237,Tequila,541,20
51237,Schnapps,1974,165
51237,Amaretto,56,8
50162,Whisky,4415,298
50162,Gin,16,2
50162,Vodka,2758,312
50162,Rum,596,40
50162,Brandy,33,4
50162,Misc,173,6
50162,Schnapps,549,65
50162,Tequila,76,4
51535,Whisky,6985,586
51535,Gin,446,62
51535,Vodka,1600,211
51535,Rum,947,69
51535,Brandy,160,14
51535,Misc,391,28
51535,Tequila,136,10
51535,Schnapps,272,24
51535,Amaretto,8,1
52332,Brandy,3111,228
52332,Misc,4763,294
52332,Whisky,28892,1960
52332,Gin,626,53
52332,Vodka,17756,2075
52332,Rum,16246,1093
52332,Tequila,2879,208
52332,Amaretto,151,22
52332,Schnapps,7863,634
52332,Distilled Spirits,93,4
52726,Whisky,27912,2016
52726,Gin,1122,75
52726,Vodka,21473,2217
52726,Misc,5823,470
52726,Rum,9809,771
52726,Brandy,1522,128
52726,Tequila,2820,195
52726,Schnapps,4079,348
52726,Distilled Spirits,385,18
52726,Amaretto,188,30
52778,Whisky,29776,2225
52778,Gin,778,95
52778,Vodka,20984,2444
52778,Misc,4047,292
52778,Rum,13318,946
52778,Brandy,1647,129
52778,Tequila,2284,166
52778,Schnapps,4102,323
52778,Distilled Spirits,226,10
52778,Amaretto,360,63
50226,Rum,32323,2375
50226,Whisky,74568,4602
50226,Misc,11584,788
50226,Gin,3870,266
50226,Vodka,54550,4749
50226,Brandy,1245,94
50226,Schnapps,2522,181
50226,Tequila,9100,835
52340,Misc,4198,171
52340,Whisky,25040,1689
52340,Gin,803,60
52340,Vodka,23771,2083
52340,Rum,9269,615
52340,Brandy,1270,76
52340,Schnapps,1119,86
52340,Tequila,3738,165
50210,Misc,1512,57
50210,Whisky,18296,1366
50210,Gin,324,25
50210,Vodka,7005,595
50210,Rum,3053,196
50210,Brandy,249,14
50210,Schnapps,697,53
50210,Tequila,449,16
50075,Rum,8377,589
50075,Whisky,22435,1743
50075,Gin,519,38
50075,Vodka,13716,1203
50075,Brandy,1111,85
50075,Misc,2087,89
50075,Schnapps,1318,115
50075,Tequila,1125,46
50669,Misc,1805,114
50669,Tequila,761,66
50669,Whisky,15407,1321
50669,Gin,510,30
50669,Vodka,8531,872
50669,Rum,4723,322
50669,Brandy,1015,80
50669,Amaretto,221,22
50669,Schnapps,1107,64
50669,Distilled Spirits,18,1
50069,Misc,3081,131
50069,Rum,13237,965
50069,Whisky,30765,1894
50069,Gin,719,63
50069,Vodka,20803,2153
50069,Brandy,474,28
50069,Schnapps,1373,107
50069,Tequila,1602,77
51559,Rum,9521,688
51559,Misc,2874,111
51559,Whisky,13510,788
51559,Gin,884,53
51559,Vodka,12879,1260
51559,Brandy,346,21
51559,Schnapps,1218,79
51559,Tequila,1255,52
50048,Rum,5208,302
50048,Whisky,10684,660
50048,Gin,269,18
50048,Vodka,6420,555
50048,Brandy,352,19
50048,Misc,1132,46
50048,Schnapps,889,61
50048,Tequila,492,17
50002,Rum,6921,440
50002,Whisky,19034,1083
50002,Gin,521,36
50002,Vodka,11760,969
50002,Brandy,670,34
50002,Misc,2196,89
50002,Schnapps,956,67
50002,Tequila,1032,34
51577,Rum,5007,337
51577,Whisky,16687,938
51577,Gin,370,22
51577,Vodka,7630,767
51577,Brandy,320,20
51577,Misc,2702,95
51577,Schnapps,961,68
51577,Tequila,905,36
50140,Rum,12618,781
50140,Misc,4124,165
50140,Whisky,22602,1318
50140,Gin,1465,105
50140,Vodka,22221,2041
50140,Brandy,2593,131
50140,Schnapps,2753,219
50140,Tequila,2640,99
52213,Tequila,1739,159
52213,Misc,4555,367
52213,Whisky,26861,2310
52213,Gin,1223,142
52213,Vodka,18113,2107
52213,Rum,11470,919
52213,Brandy,2038,203
52213,Amaretto,255,33
52213,Schnapps,5019,457
52213,Distilled Spirits,93,4
52049,Misc,490,32
52049,Whisky,2719,196
52049,Gin,252,12
52049,Vodka,1083,146
52049,Rum,1197,75
52049,Brandy,166,15
52049,Tequila,190,12
52049,Schnapps,517,41
52049,Amaretto,6,1
51003,Misc,5540,282
51003,Whisky,35282,2589
51003,Rum,11418,776
51003,Gin,551,41
51003,Vodka,14953,1504
51003,Brandy,2131,215
51003,Tequila,3148,150
51003,Amaretto,430,50
51003,Schnapps,4536,360
51003,Distilled Spirits,74,3
52324,Misc,2445,116
52324,Whisky,22068,1349
52324,Gin,360,22
52324,Vodka,9601,936
52324,Rum,11580,749
52324,Brandy,1627,125
52324,Tequila,2248,200
52324,Amaretto,108,11
52324,Schnapps,4496,322
52324,Distilled Spirits,142,12
51055,Misc,2865,115
51055,Rum,12146,789
51055,Whisky,29154,1786
51055,Gin,672,44
51055,Vodka,18172,1734
51055,Brandy,2053,168
51055,Schnapps,2147,158
51055,Tequila,3862,155
50324,Whisky,22142,1189
50324,Gin,262,17
50324,Vodka,19619,1975
50324,Rum,6429,380
50324,Brandy,6802,230
50324,Misc,1096,43
50324,Schnapps,381,20
50324,Tequila,2247,87
50424,Amaretto,62,9
50424,Misc,5041,261
50424,Vodka,14592,1663
50424,Whisky,25999,2311
50424,Tequila,1489,110
50424,Gin,552,65
50424,Rum,9248,640
50424,Brandy,874,78
50424,Schnapps,2522,180
50424,Distilled Spirits,141,6
50438,Rum,27256,1899
50438,Whisky,63665,5238
50438,Gin,1935,191
50438,Vodka,35795,3757
50438,Misc,8831,565
50438,Brandy,4569,423
50438,Tequila,5828,413
50438,Amaretto,364,48
50438,Schnapps,5892,498
50438,Distilled Spirits,1086,49
50575,Whisky,1781,158
50575,Vodka,765,96
50575,Misc,108,5
50575,Rum,1734,125
50575,Brandy,91,7
50575,Amaretto,151,13
50575,Schnapps,51,4
50575,Tequila,37,2
52142,Misc,5661,302
52142,Whisky,30919,2040
52142,Vodka,20703,1861
52142,Distilled Spirits,402,20
52142,Gin,953,72
52142,Rum,19164,1427
52142,Brandy,1333,84
52142,Tequila,2565,119
52142,Schnapps,5281,409
52142,Amaretto,169,24
50058,Whisky,25815,1659
50058,Gin,779,67
50058,Vodka,14163,1496
50058,Misc,2545,172
50058,Rum,13376,870
50058,Brandy,789,59
50058,Tequila,1470,64
50058,Schnapps,2828,219
50058,Amaretto,204,29
52776,Misc,13831,718
52776,Whisky,54716,2987
52776,Gin,2660,200
52776,Vodka,37486,3166
52776,Rum,21262,1380
52776,Brandy,8421,367
52776,Tequila,22949,966
52776,Schnapps,6083,416
52776,Distilled Spirits,653,31
52776,Amaretto,629,40
51248,Misc,4076,228
51248,Tequila,2016,156
51248,Vodka,9513,1059
51248,Whisky,32761,2889
51248,Rum,10773,742
51248,Gin,357,45
51248,Brandy,809,85
51248,Amaretto,183,21
51248,Schnapps,4957,376
51248,Distilled Spirits,164,8
51355,Whisky,11737,837
51355,Gin,445,25
51355,Vodka,10031,941
51355,Rum,3836,230
51355,Brandy,261,21
51355,Misc,1431,59
51355,Schnapps,820,55
51355,Tequila,672,24
50682,Distilled Spirits,323,15
51575,Rum,3589,257
51575,Whisky,11150,657
51575,Gin,231,19
51575,Vodka,6708,765
51575,Brandy,170,9
51575,Tequila,1826,83
51575,Misc,1101,55
51575,Distilled Spirits,113,4
51575,Amaretto,97,14
51575,Schnapps,516,40
52340,Amaretto,18,3
52340,Distilled Spirits,38,1
51551,Misc,2672,104
51551,Whisky,15138,992
51551,Gin,187,15
51551,Vodka,7013,758
51551,Rum,3280,192
51551,Brandy,179,16
51551,Tequila,805,55
51551,Distilled Spirits,101,4
51551,Schnapps,655,44
51551,Amaretto,18,3
50226,Distilled Spirits,207,9
50226,Amaretto,430,28
50071,Rum,2401,152
50071,Whisky,9896,760
50071,Gin,85,8
50071,Vodka,5037,615
50071,Brandy,133,9
50071,Tequila,1166,58
50071,Misc,634,36
50071,Schnapps,413,29
50071,Distilled Spirits,159,7
50071,Amaretto,12,2
51560,Distilled Spirits,654,27
50124,Rum,12538,824
50124,Misc,3652,162
50124,Whisky,30039,1773
50124,Gin,1351,91
50124,Vodka,21500,1815
50124,Brandy,689,34
50124,Tequila,4682,264
50124,Schnapps,1005,67
50124,Distilled Spirits,268,10
50124,Amaretto,34,7
50107,Rum,2231,154
50107,Whisky,10634,725
50107,Gin,60,5
50107,Vodka,4738,514
50107,Brandy,209,14
50107,Tequila,503,24
50107,Misc,719,36
50107,Schnapps,573,42
50107,Distilled Spirits,412,18
50107,Amaretto,17,3
50076,Misc,1975,79
50076,Rum,7387,471
50076,Whisky,13835,1011
50076,Gin,135,9
50076,Vodka,7438,852
50076,Brandy,148,11
50076,Tequila,597,26
50076,Schnapps,259,22
50076,Amaretto,18,3
50458,Misc,1216,56
50458,Rum,3911,253
50458,Whisky,12175,1009
50458,Gin,106,8
50458,Vodka,7460,905
50458,Brandy,662,30
50458,Tequila,738,36
50458,Schnapps,625,43
50458,Distilled Spirits,47,1
51001,Whisky,13447,926
51001,Gin,120,9
51001,Vodka,7731,926
51001,Rum,5343,356
51001,Brandy,318,28
51001,Tequila,733,37
51001,Misc,1768,78
51001,Schnapps,1471,118
51001,Amaretto,101,16
51001,Distilled Spirits,38,1
50541,Rum,3578,253
50541,Whisky,7291,485
50541,Gin,147,11
50541,Vodka,5810,733
50541,Brandy,402,33
50541,Tequila,1339,62
50541,Misc,525,21
50541,Distilled Spirits,192,8
50541,Amaretto,18,3
50541,Schnapps,193,18
52227,Misc,877,35
52227,Whisky,13298,772
52227,Rum,5627,359
52227,Gin,157,10
52227,Vodka,9019,924
52227,Brandy,372,18
52227,Tequila,791,40
52227,Schnapps,219,19
52227,Distilled Spirits,281,13
52227,Amaretto,6,1
50830,Rum,3366,194
50830,Misc,2469,140
50830,Whisky,17687,1119
50830,Gin,130,15
50830,Vodka,5602,738
50830,Brandy,473,40
50830,Tequila,1107,55
50830,Amaretto,280,34
50830,Schnapps,735,53
50830,Distilled Spirits,150,6
50472,Distilled Spirits,76,2
52069,Misc,1265,72
52069,Whisky,3428,269
52069,Gin,46,7
52069,Vodka,1990,235
52069,Rum,1661,106
52069,Brandy,151,14
52069,Tequila,149,13
52069,Amaretto,177,26
52069,Schnapps,1258,103
52069,Distilled Spirits,18,1
50619,Whisky,16555,1325
50619,Gin,449,41
50619,Vodka,6844,854
50619,Misc,1192,54
50619,Rum,6719,447
50619,Brandy,2468,238
50619,Schnapps,5110,417
50619,Distilled Spirits,436,20
50619,Amaretto,51,8
50619,Tequila,802,50
51462,Whisky,10129,652
51462,Gin,116,11
51462,Vodka,4297,461
51462,Rum,4121,293
51462,Brandy,76,7
51462,Tequila,556,29
51462,Misc,904,38
51462,Schnapps,428,31
51462,Distilled Spirits,151,6
51462,Amaretto,16,2
52031,Distilled Spirits,664,29
52037,Whisky,4360,281
52037,Gin,42,2
52037,Vodka,3611,398
52037,Rum,1192,83
52037,Brandy,309,26
52037,Tequila,1031,47
52037,Misc,373,21
52037,Schnapps,158,17
52037,Distilled Spirits,151,6
52037,Amaretto,12,2
51443,Whisky,12785,918
51443,Gin,171,13
51443,Vodka,7181,687
51443,Misc,814,47
51443,Rum,6059,380
51443,Brandy,119,12
51443,Tequila,642,34
51443,Schnapps,391,31
51443,Distilled Spirits,89,3
51443,Amaretto,34,5
52352,Rum,3587,257
52352,Whisky,8720,584
52352,Gin,277,20
52352,Vodka,4045,456
52352,Brandy,1269,104
52352,Tequila,592,20
52352,Misc,993,43
52352,Schnapps,716,45
52352,Distilled Spirits,900,33
52352,Amaretto,36,5
50056,Whisky,21491,1498
50056,Misc,1126,52
50056,Rum,5456,358
50056,Gin,143,9
50056,Vodka,8667,971
50056,Brandy,207,12
50056,Tequila,805,35
50056,Schnapps,813,73
50056,Distilled Spirits,249,9
50056,Amaretto,109,15
52345,Misc,2583,94
52345,Whisky,13717,905
52345,Gin,145,11
52345,Vodka,10145,1149
52345,Rum,7137,455
52345,Brandy,273,22
52345,Amaretto,20,3
52345,Schnapps,449,44
52345,Distilled Spirits,76,2
52345,Tequila,380,17
52728,Misc,1213,51
52728,Rum,6392,419
52728,Whisky,12023,803
52728,Gin,135,7
52728,Vodka,10162,1081
52728,Brandy,93,4
52728,Tequila,979,42
52728,Schnapps,1674,116
52728,Distilled Spirits,748,34
52728,Amaretto,39,6
50475,Rum,3279,209
50475,Whisky,9589,668
50475,Gin,365,35
50475,Vodka,8176,928
50475,Brandy,825,71
50475,Tequila,430,32
50475,Misc,453,22
50475,Distilled Spirits,95,4
50475,Amaretto,36,5
50475,Schnapps,859,107
52625,Misc,1392,58
52625,Rum,3414,235
52625,Whisky,8717,441
52625,Gin,113,9
52625,Vodka,4861,485
52625,Brandy,224,18
52625,Tequila,596,30
52625,Schnapps,861,53
52625,Amaretto,12,2
52625,Distilled Spirits,113,3
50542,Whisky,8812,592
50542,Gin,35,2
50542,Vodka,6951,887
50542,Rum,2402,155
50542,Brandy,143,13
50542,Misc,683,29
50542,Schnapps,704,40
50542,Amaretto,12,2
50542,Tequila,437,12
50675,Whisky,39718,3227
50675,Gin,2112,196
50675,Vodka,22802,2464
50675,Misc,7145,467
50675,Rum,15199,1086
50675,Brandy,2402,211
50675,Tequila,2466,179
50675,Amaretto,150,20
50675,Schnapps,3283,294
50675,Distilled Spirits,165,8
52306,Misc,715,33
52306,Rum,4241,270
52306,Whisky,11529,733
52306,Gin,276,19
52306,Vodka,7214,683
52306,Brandy,352,22
52306,Tequila,870,30
52306,Schnapps,2396,155
52306,Distilled Spirits,497,22
52306,Amaretto,18,3
51027,Misc,503,22
51027,Whisky,8191,502
51027,Gin,324,17
51027,Vodka,1353,142
51027,Rum,3913,254
51027,Brandy,336,38
51027,Amaretto,115,14
51027,Schnapps,1115,78
51027,Tequila,237,8
52747,Whisky,29466,2256
52747,Gin,1437,174
52747,Vodka,16521,1806
52747,Misc,3782,299
52747,Rum,10763,760
52747,Brandy,1357,125
52747,Tequila,1470,118
52747,Schnapps,3740,329
52747,Amaretto,627,67
52747,Distilled Spirits,298,14
51058,Misc,2064,118
51058,Rum,7346,538
51058,Whisky,19371,1561
51058,Gin,517,59
51058,Vodka,7203,699
51058,Brandy,337,24
51058,Tequila,1506,98
51058,Schnapps,2285,151
51058,Amaretto,55,8
51058,Distilled Spirits,178,9
50602,Rum,12220,922
50602,Whisky,33315,2712
50602,Gin,263,25
50602,Vodka,17988,2184
50602,Brandy,2385,209
50602,Tequila,1334,84
50602,Misc,3802,220
50602,Distilled Spirits,428,18
50602,Amaretto,53,8
50602,Schnapps,3424,313
51640,Rum,5007,275
51640,Whisky,8931,592
51640,Gin,70,8
51640,Vodka,3523,365
51640,Misc,1100,46
51640,Brandy,124,7
51640,Tequila,386,17
51640,Schnapps,575,30
51640,Distilled Spirits,726,34
51640,Amaretto,24,4
50598,Rum,2786,211
50598,Whisky,4487,348
50598,Gin,82,9
50598,Vodka,1568,150
50598,Misc,2291,109
50598,Brandy,109,6
50598,Schnapps,1432,111
50598,Tequila,497,20
50598,Amaretto,54,7
50598,Distilled Spirits,38,2
50244,Rum,6146,400
50244,Whisky,19447,1184
50244,Gin,104,6
50244,Vodka,13971,1391
50244,Brandy,171,12
50244,Tequila,551,25
50244,Misc,1833,88
50244,Schnapps,506,42
50244,Distilled Spirits,564,24
50244,Amaretto,117,17
50276,Misc,1325,96
50276,Whisky,12956,885
50276,Gin,40,3
50276,Vodka,7871,801
50276,Rum,5058,342
50276,Brandy,134,7
50276,Tequila,413,18
50276,Schnapps,357,26
50276,Distilled Spirits,333,15
50276,Amaretto,7,1
52626,Whisky,15272,972
52626,Gin,254,18
52626,Vodka,5190,607
52626,Rum,2626,163
52626,Brandy,158,11
52626,Misc,1116,52
52626,Tequila,772,40
52626,Schnapps,1907,116
52626,Distilled Spirits,307,15
52626,Amaretto,41,4
52751,Whisky,15887,1163
52751,Gin,410,43
52751,Vodka,7217,752
52751,Rum,6083,365
52751,Brandy,582,45
52751,Tequila,841,39
52751,Misc,1822,88
52751,Schnapps,4292,453
52751,Amaretto,106,17
52046,Whisky,13997,1018
52046,Gin,107,12
52046,Vodka,7236,773
52046,Misc,807,39
52046,Rum,5328,332
52046,Brandy,85,7
52046,Schnapps,1134,108
52046,Amaretto,37,6
52046,Distilled Spirits,19,0
52046,Tequila,311,11
51247,Rum,31625,2029
51247,Whisky,48714,3416
51247,Gin,566,48
51247,Vodka,20014,2113
51247,Misc,7105,340
51247,Brandy,2266,156
51247,Tequila,8798,303
51247,Amaretto,666,66
51247,Schnapps,8875,582
51247,Distilled Spirits,79,2
51561,Misc,8587,428
51561,Whisky,46552,2828
51561,Vodka,16577,1577
51561,Rum,10438,742
51561,Schnapps,5209,373
51561,Distilled Spirits,1163,47
51561,Gin,925,70
51561,Brandy,1447,102
51561,Tequila,4537,217
51561,Amaretto,298,30
50540,Rum,6689,437
50540,Whisky,4961,378
50540,Gin,68,4
50540,Vodka,2232,281
50540,Brandy,29,1
50540,Misc,462,22
50540,Tequila,224,9
50540,Schnapps,228,15
50540,Amaretto,36,5
50846,Misc,3199,211
50846,Gin,225,19
50846,Rum,4422,315
50846,Brandy,2792,260
50846,Amaretto,342,49
50846,Distilled Spirits,944,81
50161,Rum,4414,273
50161,Whisky,18549,1434
50161,Gin,74,5
50161,Vodka,5169,540
50161,Brandy,1054,88
50161,Misc,747,37
50161,Tequila,400,18
50161,Schnapps,683,68
50161,Distilled Spirits,322,14
50161,Amaretto,30,4
50261,Rum,2930,194
50261,Misc,621,32
50261,Whisky,8268,505
50261,Gin,143,11
50261,Vodka,5150,579
50261,Brandy,145,10
50261,Tequila,348,15
50261,Schnapps,264,18
50261,Distilled Spirits,249,11
50261,Amaretto,30,4
50251,Rum,3732,232
50251,Whisky,5614,349
50251,Gin,66,5
50251,Vodka,2670,241
50251,Brandy,346,31
50251,Tequila,511,17
50251,Misc,420,19
50251,Schnapps,919,64
50251,Distilled Spirits,75,3
50251,Amaretto,50,8
52803,Amaretto,180,14
52803,Distilled Spirits,595,24
51510,Whisky,27276,1623
51510,Gin,1172,92
51510,Vodka,20180,1971
51510,Rum,14397,865
51510,Brandy,4517,265
51510,Misc,4348,174
51510,Tequila,2419,118
51510,Schnapps,1925,130
50590,Misc,3463,190
50590,Whisky,19273,1548
50590,Tequila,1302,71
50590,Vodka,8881,943
50590,Distilled Spirits,673,32
50590,Gin,658,59
50590,Rum,8570,645
50590,Brandy,2086,203
50590,Amaretto,214,11
50590,Schnapps,2134,160
50130,Rum,5065,392
50130,Misc,1089,55
50130,Whisky,10465,923
50130,Gin,151,8
50130,Vodka,10034,1338
50130,Brandy,439,17
50130,Schnapps,505,37
50130,Distilled Spirits,310,14
50130,Amaretto,41,6
50130,Tequila,703,32
50228,Rum,3037,195
50228,Whisky,9755,659
50228,Gin,131,7
50228,Vodka,7447,957
50228,Misc,942,45
50228,Brandy,131,8
50228,Schnapps,466,32
50228,Distilled Spirits,57,1
50228,Tequila,216,9
50680,Rum,2633,175
50680,Whisky,7385,617
50680,Gin,114,15
50680,Vodka,6214,760
50680,Brandy,129,11
50680,Misc,653,32
50680,Schnapps,358,28
50680,Distilled Spirits,388,17
50680,Tequila,184,6
52068,Misc,1039,46
52068,Whisky,14269,903
52068,Gin,245,15
52068,Vodka,8985,810
52068,Rum,4888,306
52068,Brandy,833,30
52068,Schnapps,1067,64
52068,Distilled Spirits,564,25
52068,Amaretto,24,4
52068,Tequila,564,18
50033,Rum,5410,364
50033,Whisky,16611,1141
50033,Gin,500,33
50033,Vodka,9622,868
50033,Brandy,204,12
50033,Misc,2629,107
50033,Schnapps,710,46
50033,Tequila,577,22
52656,Distilled Spirits,11,0
50003,Distilled Spirits,1626,69
52175,Distilled Spirits,335,14
52207,Misc,2588,111
52207,Tequila,385,18
52207,Whisky,14921,1173
52207,Gin,353,46
52207,Vodka,5141,615
52207,Distilled Spirits,196,10
52207,Rum,2259,137
52207,Brandy,622,45
52207,Amaretto,43,4
52207,Schnapps,1762,126
50002,Amaretto,18,3
50035,Whisky,36289,2367
50035,Misc,4296,300
50035,Brandy,3315,155
50035,Gin,606,45
50035,Vodka,21081,1943
50035,Rum,12295,792
50035,Tequila,2395,128
50035,Amaretto,135,18
50035,Schnapps,1964,161
50035,Distilled Spirits,367,17
52144,Distilled Spirits,27,1
50628,Misc,4635,237
50628,Rum,16815,1082
50628,Whisky,23991,1803
50628,Gin,329,30
50628,Vodka,13836,1433
50628,Brandy,4462,409
50628,Tequila,1577,117
50628,Amaretto,142,20
50628,Schnapps,9261,830
50628,Distilled Spirits,440,21
50643,Rum,5738,364
50643,Whisky,15449,890
50643,Gin,377,34
50643,Vodka,7292,788
50643,Brandy,352,22
50643,Misc,909,37
50643,Tequila,519,25
50643,Schnapps,708,56
50643,Distilled Spirits,572,25
50643,Amaretto,58,8
50529,Whisky,4073,273
50529,Gin,54,3
50529,Vodka,5695,708
50529,Rum,1807,146
50529,Brandy,161,15
50529,Misc,393,16
50529,Schnapps,156,15
50529,Amaretto,25,4
50529,Distilled Spirits,38,1
50529,Tequila,358,14
50535,Rum,3153,215
50535,Whisky,8240,497
50535,Gin,146,11
50535,Vodka,3821,486
50535,Brandy,162,12
50535,Tequila,2673,118
50535,Misc,763,34
50535,Schnapps,367,26
50535,Amaretto,50,8
50535,Distilled Spirits,76,2
50140,Amaretto,62,5
50140,Distilled Spirits,113,4
50044,Misc,232,10
50044,Gin,14,2
50069,Distilled Spirits,982,45
50658,Whisky,14253,1118
50658,Gin,166,17
50658,Vodka,5853,693
50658,Misc,2724,180
50658,Rum,7734,620
50658,Brandy,2284,227
50658,Schnapps,3075,321
50658,Distilled Spirits,454,25
50658,Tequila,809,52
50150,Rum,1151,79
50150,Misc,588,21
50150,Whisky,3683,186
50150,Gin,30,2
50150,Vodka,1336,128
50150,Brandy,47,4
50150,Tequila,202,12
50150,Schnapps,209,16
50150,Distilled Spirits,169,8
52751,Distilled Spirits,35,2
50174,Tequila,106,5
50174,Whisky,723,49
50174,Gin,16,2
50174,Vodka,191,18
50174,Misc,97,8
50174,Rum,265,19
50174,Brandy,41,4
50174,Schnapps,133,12
52253,Misc,6161,513
52253,Tequila,2885,212
52253,Whisky,31123,2143
52253,Vodka,18949,1809
52253,Rum,9500,664
52253,Gin,3253,349
52253,Brandy,918,84
52253,Amaretto,156,13
52253,Schnapps,3027,208
52253,Distilled Spirits,538,25
50581,Rum,3884,239
50581,Whisky,9776,573
50581,Gin,88,9
50581,Vodka,3569,378
50581,Misc,1720,80
50581,Brandy,100,11
50581,Tequila,482,20
50581,Schnapps,1812,138
50581,Distilled Spirits,192,9
50581,Amaretto,74,13
52146,Rum,2851,228
52146,Whisky,6876,525
52146,Gin,197,13
52146,Vodka,3712,368
52146,Brandy,208,21
52146,Tequila,415,18
52146,Misc,1546,114
52146,Schnapps,1451,97
52146,Distilled Spirits,19,1
50072,Rum,4242,266
50072,Whisky,6909,411
50072,Gin,183,10
50072,Vodka,5622,683
50072,Brandy,102,5
50072,Misc,1438,71
50072,Tequila,439,23
50072,Schnapps,239,18
50072,Distilled Spirits,192,9
50072,Amaretto,1,0
50109,Rum,3829,284
50109,Whisky,11316,798
50109,Gin,90,5
50109,Vodka,6993,862
50109,Brandy,640,62
50109,Tequila,1409,136
50109,Misc,735,34
50109,Schnapps,441,32
50109,Distilled Spirits,236,11
50109,Amaretto,12,2
51245,Distilled Spirits,34,2
50058,Distilled Spirits,589,28
50240,Rum,1901,111
50240,Whisky,10822,833
50240,Gin,492,38
50240,Vodka,3803,377
50240,Brandy,38,3
50240,Tequila,572,24
50240,Misc,694,24
50240,Schnapps,241,13
50240,Distilled Spirits,222,10
50240,Amaretto,12,2
52079,Misc,820,35
52079,Rum,4008,257
52079,Whisky,10413,646
52079,Gin,75,9
52079,Vodka,6166,568
52079,Brandy,640,22
52079,Schnapps,1791,94
52079,Tequila,573,14
52079,Distilled Spirits,222,10
52079,Amaretto,25,4
52146,Amaretto,18,1
51342,Misc,1250,68
51342,Whisky,14165,1092
51342,Gin,371,30
51342,Vodka,6524,752
51342,Rum,6027,435
51342,Brandy,282,20
51342,Tequila,947,57
51342,Amaretto,326,49
51342,Schnapps,1953,148
51241,Distilled Spirits,452,21
52043,Misc,3659,230
52043,Vodka,7862,779
52043,Whisky,18848,1259
52043,Tequila,976,38
52043,Rum,6303,406
52043,Gin,985,62
52043,Brandy,558,53
52043,Amaretto,292,40
52043,Schnapps,3384,240
52043,Distilled Spirits,227,10
52768,Rum,3529,252
52768,Whisky,5140,352
52768,Gin,58,5
52768,Vodka,5555,664
52768,Brandy,163,10
52768,Tequila,185,10
52768,Misc,616,24
52768,Schnapps,685,69
52768,Distilled Spirits,351,16
52768,Amaretto,30,5
51005,Rum,1508,94
51005,Whisky,3788,280
51005,Gin,85,3
51005,Vodka,2248,237
51005,Brandy,71,6
51005,Misc,421,17
51005,Schnapps,109,7
51005,Distilled Spirits,56,3
51005,Tequila,181,5
50658,Amaretto,30,5
52336,Rum,2747,171
52336,Whisky,7076,568
52336,Gin,116,7
52336,Vodka,4593,525
52336,Brandy,128,9
52336,Misc,446,26
52336,Schnapps,573,48
52336,Distilled Spirits,268,12
52336,Tequila,516,20
50641,Vodka,4733,416
50641,Misc,1081,53
50641,Whisky,12063,798
50641,Tequila,1599,62
50641,Gin,344,26
50641,Rum,3338,210
50641,Brandy,422,36
50641,Schnapps,1377,89
50641,Distilled Spirits,394,19
52554,Whisky,9611,743
52554,Rum,2494,153
52554,Misc,673,43
52554,Gin,104,4
52554,Vodka,2290,217
52554,Brandy,24,1
52554,Tequila,463,29
52554,Amaretto,17,1
52554,Schnapps,2119,122
52554,Distilled Spirits,51,2
50160,Whisky,4855,245
50160,Gin,76,7
50160,Vodka,2994,294
50160,Rum,1267,75
50160,Brandy,39,4
50160,Tequila,405,15
50160,Schnapps,419,20
50160,Misc,734,29
50160,Distilled Spirits,579,23
52777,Misc,377,16
52777,Rum,1493,90
52777,Whisky,4753,347
52777,Gin,15,1
52777,Vodka,2645,272
52777,Brandy,300,26
52777,Amaretto,90,10
52777,Tequila,186,6
52777,Schnapps,722,48
52777,Distilled Spirits,76,4
52254,Whisky,6745,432
52254,Gin,118,10
52254,Vodka,2715,303
52254,Misc,505,31
52254,Rum,1420,93
52254,Brandy,641,44
52254,Tequila,212,12
52254,Schnapps,906,70
52254,Amaretto,36,3
52254,Distilled Spirits,73,3
51466,Whisky,4441,366
51466,Gin,171,17
51466,Vodka,2689,260
51466,Rum,2228,131
51466,Brandy,262,19
51466,Misc,424,35
51466,Tequila,69,5
51466,Schnapps,132,9
50327,Vodka,44984,4061
50327,Whisky,64340,3883
50327,Misc,16491,1163
50327,Rum,32279,2230
50327,Schnapps,3422,227
50327,Brandy,1898,109
50327,Gin,2042,123
50327,Distilled Spirits,199,11
50327,Tequila,10596,921
50327,Amaretto,218,20
51002,Whisky,3856,260
51002,Misc,270,16
51002,Gin,472,28
51002,Vodka,2224,199
51002,Rum,1002,56
51002,Brandy,460,33
51002,Tequila,202,12
51038,Rum,1374,98
51038,Whisky,2603,170
51038,Gin,88,4
51038,Vodka,1258,128
51038,Brandy,610,36
51038,Misc,195,8
51038,Schnapps,119,7
51038,Tequila,174,6
52623,Misc,1035,40
52623,Whisky,2477,137
52623,Tequila,106,6
52623,Brandy,133,9
52623,Gin,20,1
52623,Vodka,1131,90
52623,Rum,649,37
52623,Schnapps,177,11
52623,Distilled Spirits,40,2
52337,Whisky,6926,385
52337,Gin,23,2
52337,Vodka,3424,306
52337,Rum,1904,124
52337,Brandy,232,13
52337,Misc,331,15
52337,Tequila,1742,74
52337,Schnapps,663,40
52337,Amaretto,12,2
50667,Whisky,9806,657
50667,Misc,1024,59
50667,Vodka,6652,499
50667,Gin,337,26
50667,Rum,2888,193
50667,Brandy,762,39
50667,Tequila,747,46
50667,Amaretto,62,4
50667,Schnapps,827,49
50667,Distilled Spirits,60,1
51526,Rum,2810,159
51526,Whisky,4649,224
51526,Gin,159,9
51526,Vodka,2100,159
51526,Brandy,169,10
51526,Tequila,280,14
51526,Misc,279,9
51526,Schnapps,105,9
51526,Distilled Spirits,69,2
50047,Misc,4986,446
50047,Whisky,34215,2173
50047,Rum,13526,891
50047,Vodka,22028,2085
50047,Gin,2201,197
50047,Brandy,675,62
50047,Tequila,4864,369
50047,Schnapps,1806,143
50047,Amaretto,187,29
50452,Misc,380,14
50452,Whisky,3785,301
50452,Gin,156,7
50452,Vodka,1769,192
50452,Rum,1097,83
50452,Brandy,494,44
50452,Schnapps,394,22
50452,Distilled Spirits,18,1
50452,Amaretto,17,3
50452,Tequila,175,8
50123,Rum,533,39
50123,Whisky,4110,275
50123,Gin,28,2
50123,Vodka,1962,223
50123,Brandy,129,9
50123,Tequila,279,16
50123,Misc,228,10
50123,Schnapps,326,26
50123,Distilled Spirits,57,3
52639,Whisky,3630,217
52639,Gin,81,5
52639,Vodka,1745,186
52639,Rum,1767,112
52639,Brandy,170,13
52639,Misc,271,14
52639,Tequila,315,14
52639,Schnapps,211,18
52228,Whisky,5085,309
52228,Gin,77,5
52228,Vodka,3207,301
52228,Rum,1736,118
52228,Brandy,42,2
52228,Misc,231,12
52228,Schnapps,181,15
52228,Tequila,239,10
50207,Whisky,7503,436
50207,Distilled Spirits,223,10
50207,Gin,50,6
50207,Vodka,2073,229
50207,Rum,3155,201
50207,Brandy,117,10
50207,Misc,336,18
50207,Tequila,313,16
50207,Schnapps,583,36
50207,Amaretto,15,2
51238,Whisky,3393,202
51238,Gin,218,13
51238,Vodka,2805,225
51238,Rum,1460,80
51238,Brandy,113,7
51238,Misc,369,15
51238,Schnapps,370,24
51238,Tequila,420,16
50047,Distilled Spirits,38,1
50851,Distilled Spirits,7,1
50456,Whisky,5464,330
50456,Distilled Spirits,202,11
50456,Gin,57,7
50456,Vodka,2066,177
50456,Rum,1759,104
50456,Brandy,23,2
50456,Tequila,475,33
50456,Misc,277,11
50456,Schnapps,581,36
50430,Rum,1276,64
50430,Whisky,6686,500
50430,Gin,82,3
50430,Vodka,1455,117
50430,Brandy,108,10
50430,Misc,479,31
50430,Tequila,430,53
50430,Amaretto,324,8
50430,Schnapps,197,12
52801,Whisky,2481,100
52801,Gin,175,7
52801,Vodka,1536,58
52801,Rum,740,39
52801,Misc,173,9
52801,Schnapps,48,3
52801,Amaretto,8,1
52801,Tequila,102,6
52347,Misc,653,44
52347,Tequila,833,55
52347,Rum,1358,96
52347,Whisky,5584,341
52347,Distilled Spirits,182,6
52347,Gin,98,8
52347,Vodka,2425,239
52347,Brandy,298,20
52347,Schnapps,679,58
52347,Amaretto,2,1
51347,Distilled Spirits,124,5
50563,Distilled Spirits,13,1
52036,Whisky,5720,391
52036,Gin,73,5
52036,Vodka,1989,226
52036,Rum,943,52
52036,Brandy,464,32
52036,Tequila,295,11
52036,Misc,390,14
52036,Schnapps,605,36
52223,Whisky,1255,90
52223,Gin,14,2
52223,Vodka,598,47
52223,Rum,766,39
52223,Brandy,12,0
52223,Schnapps,89,4
52223,Misc,106,5
52223,Tequila,74,2
51553,Rum,1428,83
51553,Whisky,2783,144
51553,Gin,66,4
51553,Vodka,1268,139
51553,Brandy,115,4
51553,Tequila,199,7
51553,Misc,187,6
51553,Schnapps,87,10
52351,Misc,146,8
52351,Whisky,6267,375
52351,Gin,82,8
52351,Vodka,1896,153
52351,Rum,1522,91
52351,Schnapps,47,3
52351,Tequila,169,10
52328,Whisky,1611,82
52328,Misc,286,19
52328,Gin,69,6
52328,Vodka,1073,57
52328,Rum,1111,54
52328,Tequila,102,6
52328,Schnapps,112,9
51453,Rum,680,37
51453,Whisky,1496,100
51453,Gin,31,3
51453,Vodka,602,52
51453,Brandy,94,2
51453,Misc,294,11
51453,Schnapps,203,17
51453,Tequila,127,4
51570,Misc,159,15
51570,Whisky,482,27
51570,Tequila,41,4
51570,Gin,14,3
51570,Vodka,360,20
51570,Rum,221,15
51570,Brandy,5,1
51570,Schnapps,54,8
51570,Distilled Spirits,10,1
51570,Amaretto,4,1
52328,Amaretto,2,0
50634,Rum,456,29
50634,Whisky,925,56
50634,Gin,63,6
50634,Vodka,535,48
50634,Brandy,37,1
50634,Misc,43,2
50634,Schnapps,20,2
50634,Tequila,71,3
52639,Amaretto,6,1
50237,Whisky,1891,96
50237,Gin,55,5
50237,Vodka,1423,87
50237,Rum,570,29
50237,Brandy,21,1
50237,Tequila,217,9
50237,Misc,65,4
50237,Schnapps,31,4
52590,Whisky,1538,85
52590,Gin,18,1
52590,Vodka,491,49
52590,Rum,431,23
52590,Brandy,13,0
52590,Misc,92,9
52590,Schnapps,153,12
52590,Tequila,28,1
51653,Whisky,2202,78
51653,Gin,94,2
51653,Vodka,861,60
51653,Rum,875,42
51653,Brandy,9,0
51653,Tequila,294,16
51653,Misc,140,4
51653,Schnapps,77,6
51653,Distilled Spirits,36,2
50169,Rum,876,44
50169,Whisky,2836,111
50169,Gin,71,5
50169,Vodka,880,56
50169,Misc,144,4
50169,Brandy,45,0
50169,Schnapps,21,3
50169,Tequila,185,3
52571,Distilled Spirits,20,3
50510,Whisky,630,31
50510,Misc,146,4
50510,Gin,58,2
50510,Vodka,391,29
50510,Rum,289,11
50510,Tequila,112,7
50510,Schnapps,84,4
52206,Misc,252,11
52206,Whisky,1762,99
52206,Gin,39,3
52206,Vodka,537,42
52206,Rum,585,41
52206,Brandy,6,0
52206,Tequila,86,4
52206,Schnapps,93,6
52202,Misc,109,3
52202,Whisky,231,14
52202,Vodka,169,12
52202,Rum,80,7
52202,Brandy,13,2
52202,Tequila,9,0
52202,Schnapps,56,2
51573,Whisky,491,24
51573,Gin,8,1
51573,Vodka,228,20
51573,Rum,264,19
51573,Brandy,12,1
51573,Misc,38,0
51573,Schnapps,45,2
51573,Tequila,74,3
51061,Tequila,17,1
51061,Misc,31,2
51061,Whisky,191,15
51061,Gin,1,0
51061,Vodka,69,5
51061,Rum,31,4
51061,Brandy,3,1
51061,Schnapps,32,4
52801,Brandy,383,11
52346,Whisky,175,6
52346,Gin,2,0
52346,Vodka,187,6
52346,Rum,28,3
52346,Brandy,52,3
52346,Tequila,18,3
52346,Misc,28,1
52346,Schnapps,40,3
52328,Brandy,5,1
50061,Whisky,5356,411
50061,Vodka,6221,327
50061,Rum,2131,102
50061,Distilled Spirits,577,14
50061,Misc,325,22
51463,Whisky,216,4
